#
# There is insufficient memory for the Java Runtime Environment to continue.
# Native memory allocation (mmap) failed to map 65536 bytes. Error detail: Failed to commit metaspace.
# Possible reasons:
#   The system is out of physical RAM or swap space
#   This process is running with CompressedOops enabled, and the Java Heap may be blocking the growth of the native heap
# Possible solutions:
#   Reduce memory load on the system
#   Increase physical memory or swap space
#   Check if swap backing store is full
#   Decrease Java heap size (-Xmx/-Xms)
#   Decrease number of Java threads
#   Decrease Java thread stack sizes (-Xss)
#   Set larger code cache with -XX:ReservedCodeCacheSize=
#   JVM is running with Unscaled Compressed Oops mode in which the Java heap is
#     placed in the first 4GB address space. The Java Heap base address is the
#     maximum limit for the native heap growth. Please use -XX:HeapBaseMinAddress
#     to set the Java Heap base and to place the Java Heap above 4GB virtual address.
# This output file may be truncated or incomplete.
#
#  Out of Memory Error (virtualSpaceNode.cpp:113), pid=14200, tid=13520
#
# JRE version: OpenJDK Runtime Environment Temurin-21.0.10+7 (21.0.10+7) (build 21.0.10+7-LTS)
# Java VM: OpenJDK 64-Bit Server VM Temurin-21.0.10+7 (21.0.10+7-LTS, mixed mode, sharing, tiered, compressed oops, compressed class ptrs, parallel gc, windows-amd64)
# No core dump will be written. Minidumps are not enabled by default on client versions of Windows
#

---------------  S U M M A R Y ------------

Command Line: --add-modules=ALL-SYSTEM --add-opens=java.base/java.util=ALL-UNNAMED --add-opens=java.base/java.lang=ALL-UNNAMED --add-opens=java.base/sun.nio.fs=ALL-UNNAMED -Declipse.application=org.eclipse.jdt.ls.core.id1 -Dosgi.bundles.defaultStartLevel=4 -Declipse.product=org.eclipse.jdt.ls.core.product -Djava.import.generatesMetadataFilesAtProjectRoot=false -DDetectVMInstallationsJob.disabled=true -Dfile.encoding=utf8 -XX:+UseParallelGC -XX:GCTimeRatio=4 -XX:AdaptiveSizePolicyWeight=90 -Dsun.zip.disableMemoryMapping=true -Xmx2G -Xms100m -Xlog:disable -javaagent:c:\Users\ASUS\.vscode\extensions\redhat.java-1.54.0-win32-x64\lombok\lombok-1.18.39-4050.jar -XX:+HeapDumpOnOutOfMemoryError -XX:HeapDumpPath=c:\Users\ASUS\AppData\Roaming\Code\User\workspaceStorage\7274a8551f3c0b9120585059ecbbf3b1\redhat.java -Daether.dependencyCollector.impl=bf c:\Users\ASUS\.vscode\extensions\redhat.java-1.54.0-win32-x64\server\plugins\org.eclipse.equinox.launcher_1.7.100.v20251111-0406.jar -configuration c:\Users\ASUS\AppData\Roaming\Code\User\globalStorage\redhat.java\1.54.0\config_win -data c:\Users\ASUS\AppData\Roaming\Code\User\workspaceStorage\7274a8551f3c0b9120585059ecbbf3b1\redhat.java\jdt_ws --pipe=\\.\pipe\lsp-85bc265ca27d34c63f814f8c10e1393c-sock

Host: AMD Ryzen 5 7520U with Radeon Graphics         , 8 cores, 15G,  Windows 11 , 64 bit Build 26100 (10.0.26100.8328)
Time: Sun Jun  7 21:57:59 2026 SE Asia Standard Time elapsed time: 20.209025 seconds (0d 0h 0m 20s)

---------------  T H R E A D  ---------------

Current thread (0x000001bc77e01ae0):  JavaThread "main"             [_thread_in_vm, id=13520, stack(0x0000001b80a00000,0x0000001b80b00000) (1024K)]

Stack: [0x0000001b80a00000,0x0000001b80b00000]
Native frames: (J=compiled Java code, j=interpreted, Vv=VM code, C=native code)
V  [jvm.dll+0x6d7a39]
V  [jvm.dll+0x8b4b26]
V  [jvm.dll+0x8b70de]
V  [jvm.dll+0x8b77c3]
V  [jvm.dll+0x284346]
V  [jvm.dll+0x8b086e]
V  [jvm.dll+0x679444]
V  [jvm.dll+0x1e82bb]
V  [jvm.dll+0x1e807e]
V  [jvm.dll+0x67bd42]
V  [jvm.dll+0x67bb72]
V  [jvm.dll+0x679e1e]
V  [jvm.dll+0x26f614]
V  [jvm.dll+0x219f3f]
V  [jvm.dll+0x20f62e]
V  [jvm.dll+0x5b644f]
V  [jvm.dll+0x82ead6]
V  [jvm.dll+0x478db8]
V  [jvm.dll+0x47ebe8]
C  [java.dll+0x17ec]

Java frames: (J=compiled Java code, j=interpreted, Vv=VM code)
J 1124  java.lang.ClassLoader.defineClass1(Ljava/lang/ClassLoader;Ljava/lang/String;[BIILjava/security/ProtectionDomain;Ljava/lang/String;)Ljava/lang/Class; java.base@21.0.10 (0 bytes) @ 0x000001bc07b3fb91 [0x000001bc07b3fac0+0x00000000000000d1]
j  java.lang.ClassLoader.defineClass(Ljava/lang/String;[BIILjava/security/ProtectionDomain;)Ljava/lang/Class;+27 java.base@21.0.10
J 1755 c1 java.security.SecureClassLoader.defineClass(Ljava/lang/String;[BIILjava/security/CodeSource;)Ljava/lang/Class; java.base@21.0.10 (16 bytes) @ 0x000001bc0031051c [0x000001bc00310440+0x00000000000000dc]
J 1635 c1 java.net.URLClassLoader.defineClass(Ljava/lang/String;Ljdk/internal/loader/Resource;)Ljava/lang/Class; java.base@21.0.10 (224 bytes) @ 0x000001bc002c819c [0x000001bc002c6a00+0x000000000000179c]
J 1752 c1 java.net.URLClassLoader$1.run()Ljava/lang/Class; java.base@21.0.10 (81 bytes) @ 0x000001bc0030d4fc [0x000001bc0030c8c0+0x0000000000000c3c]
J 1751 c1 java.net.URLClassLoader$1.run()Ljava/lang/Object; java.base@21.0.10 (5 bytes) @ 0x000001bc0030c354 [0x000001bc0030c2c0+0x0000000000000094]
J 1605 c1 java.security.AccessController.doPrivileged(Ljava/security/PrivilegedExceptionAction;Ljava/security/AccessControlContext;)Ljava/lang/Object; java.base@21.0.10 (26 bytes) @ 0x000001bc002bbf8c [0x000001bc002bbda0+0x00000000000001ec]
J 1631 c1 java.net.URLClassLoader.findClass(Ljava/lang/String;)Ljava/lang/Class; java.base@21.0.10 (47 bytes) @ 0x000001bc002c5a04 [0x000001bc002c5880+0x0000000000000184]
J 1656 c1 java.lang.ClassLoader.loadClass(Ljava/lang/String;Z)Ljava/lang/Class; java.base@21.0.10 (121 bytes) @ 0x000001bc002d172c [0x000001bc002d1160+0x00000000000005cc]
J 1020 c1 java.lang.ClassLoader.loadClass(Ljava/lang/String;)Ljava/lang/Class; java.base@21.0.10 (7 bytes) @ 0x000001bc001997d4 [0x000001bc001996c0+0x0000000000000114]
v  ~StubRoutines::call_stub 0x000001bc0753100d
j  org.eclipse.osgi.internal.framework.EquinoxBundle.adapt0(Ljava/lang/Class;)Ljava/lang/Object;+187
j  org.eclipse.osgi.internal.framework.EquinoxBundle.adapt(Ljava/lang/Class;)Ljava/lang/Object;+7
j  org.eclipse.core.runtime.adaptor.EclipseStarter.refreshPackages([Lorg/osgi/framework/Bundle;)Z+11
j  org.eclipse.core.runtime.adaptor.EclipseStarter.loadBasicBundles()[Lorg/osgi/framework/Bundle;+168
j  org.eclipse.core.runtime.adaptor.EclipseStarter.startup([Ljava/lang/String;Ljava/lang/Runnable;)Lorg/osgi/framework/BundleContext;+153
j  org.eclipse.core.runtime.adaptor.EclipseStarter.run([Ljava/lang/String;Ljava/lang/Runnable;)Ljava/lang/Object;+21
j  java.lang.invoke.DirectMethodHandle$Holder.invokeStatic(Ljava/lang/Object;Ljava/lang/Object;Ljava/lang/Object;)Ljava/lang/Object;+11 java.base@21.0.10
j  java.lang.invoke.LambdaForm$MH+0x000001bc1008a800.invoke(Ljava/lang/Object;Ljava/lang/Object;Ljava/lang/Object;Ljava/lang/Object;)Ljava/lang/Object;+54 java.base@21.0.10
j  java.lang.invoke.LambdaForm$MH+0x000001bc10002c00.invokeExact_MT(Ljava/lang/Object;Ljava/lang/Object;Ljava/lang/Object;Ljava/lang/Object;Ljava/lang/Object;)Ljava/lang/Object;+22 java.base@21.0.10
j  jdk.internal.reflect.DirectMethodHandleAccessor.invokeImpl(Ljava/lang/Object;[Ljava/lang/Object;)Ljava/lang/Object;+72 java.base@21.0.10
j  jdk.internal.reflect.DirectMethodHandleAccessor.invoke(Ljava/lang/Object;[Ljava/lang/Object;)Ljava/lang/Object;+23 java.base@21.0.10
j  java.lang.reflect.Method.invoke(Ljava/lang/Object;[Ljava/lang/Object;)Ljava/lang/Object;+102 java.base@21.0.10
j  org.eclipse.equinox.launcher.Main.invokeFramework([Ljava/lang/String;[Ljava/net/URL;)V+155
j  org.eclipse.equinox.launcher.Main.basicRun([Ljava/lang/String;)V+191
j  org.eclipse.equinox.launcher.Main.run([Ljava/lang/String;)I+4
j  org.eclipse.equinox.launcher.Main.main([Ljava/lang/String;)V+10
v  ~StubRoutines::call_stub 0x000001bc0753100d

Compiled method (n/a) 20285 1124     n 0       java.lang.ClassLoader::defineClass1 (native)
 total in heap  [0x000001bc07b3f910,0x000001bc07b3fd98] = 1160
 relocation     [0x000001bc07b3fa70,0x000001bc07b3faa8] = 56
 main code      [0x000001bc07b3fac0,0x000001bc07b3fd96] = 726
 stub code      [0x000001bc07b3fd96,0x000001bc07b3fd98] = 2

[Constant Pool (empty)]

[MachCode]
[Entry Point]
  # {method} {0x000001bc0f434f58} 'defineClass1' '(Ljava/lang/ClassLoader;Ljava/lang/String;[BIILjava/security/ProtectionDomain;Ljava/lang/String;)Ljava/lang/Class;' in 'java/lang/ClassLoader'
  # parm0:    rdx:rdx   = 'java/lang/ClassLoader'
  # parm1:    r8:r8     = 'java/lang/String'
  # parm2:    r9:r9     = '[B'
  # parm3:    rdi       = int
  # parm4:    rsi       = int
  # parm5:    rcx:rcx   = 'java/security/ProtectionDomain'
  # parm6:    [sp+0xa0]   = 'java/lang/String'  (sp of caller)
  0x000001bc07b3fac0: 448b 5208 | 49bb 0000 | 000f bc01 | 0000 4d03 | d349 3bc2 | 0f84 0600 

  0x000001bc07b3fad8: ;   {runtime_call ic_miss_stub}
  0x000001bc07b3fad8: 0000 e9a1 | e9a3 ff90 
[Verified Entry Point]
  0x000001bc07b3fae0: 8984 2400 | 80ff ff55 | 488b ec48 | 81ec 9000 | 0000 6690 | 4181 7f20 | 0100 0000 

  0x000001bc07b3fafc: ;   {runtime_call StubRoutines (final stubs)}
  0x000001bc07b3fafc: 7405 e8dd | 8ea2 ff48 | 837d 1000 | 488d 4510 | 480f 4445 | 1048 8944 | 2440 4889 | 4c24 7048 
  0x000001bc07b3fb1c: 83f9 0048 | 8d44 2470 | 480f 4444 | 2470 4889 | 4424 3848 | 8974 2430 | 4889 7c24 | 284c 894c 
  0x000001bc07b3fb3c: 2458 4983 | f900 488d | 4424 5848 | 0f44 4424 | 5848 8944 | 2420 4c89 | 4424 5049 | 83f8 004c 
  0x000001bc07b3fb5c: 8d4c 2450 | 4c0f 444c | 2450 4889 | 5424 4848 | 83fa 004c | 8d44 2448 | 4c0f 4444 

  0x000001bc07b3fb78: ;   {oop(a 'java/lang/Class'{0x0000000080000b40} = 'java/lang/ClassLoader')}
  0x000001bc07b3fb78: 2448 49be | 400b 0080 | 0000 0000 | 4c89 7424 | 784c 8d74 | 2478 498b | d6c5 f877 

  0x000001bc07b3fb94: ;   {internal_word}
  0x000001bc07b3fb94: 49ba 91fb | b307 bc01 | 0000 4d89 | 97a8 0300 | 0049 89a7 | a003 0000 

  0x000001bc07b3fbac: ;   {external_word}
  0x000001bc07b3fbac: 49ba c65c | d8ee fd7f | 0000 4180 | 3a00 0f84 | 4e00 0000 | 5241 5041 

  0x000001bc07b3fbc4: ;   {metadata({method} {0x000001bc0f434f58} 'defineClass1' '(Ljava/lang/ClassLoader;Ljava/lang/String;[BIILjava/security/ProtectionDomain;Ljava/lang/String;)Ljava/lang/Class;' in 'java/lang/ClassLoader')}
  0x000001bc07b3fbc4: 5148 ba50 | 4f43 0fbc | 0100 0049 | 8bcf 4883 | ec20 40f6 | c40f 0f84 | 1900 0000 | 4883 ec08 
  0x000001bc07b3fbe4: ;   {runtime_call}
  0x000001bc07b3fbe4: 48b8 50e1 | 81ee fd7f | 0000 ffd0 | 4883 c408 | e90c 0000 

  0x000001bc07b3fbf8: ;   {runtime_call}
  0x000001bc07b3fbf8: 0048 b850 | e181 eefd | 7f00 00ff | d048 83c4 | 2041 5941 | 585a 498d | 8fc0 0300 | 0041 c787 
  0x000001bc07b3fc18: 4c04 0000 | 0400 0000 

  0x000001bc07b3fc20: ;   {runtime_call}
  0x000001bc07b3fc20: 48b8 ac16 | 8193 fe7f | 0000 ffd0 | c5f8 7741 | c787 4c04 | 0000 0500 | 0000 f083 | 4424 c000 
  0x000001bc07b3fc40: 493b af50 | 0400 000f | 870e 0000 | 0041 83bf | 4804 0000 | 000f 842b | 0000 00c5 | f877 4889 
  0x000001bc07b3fc60: 45f8 498b | cf4c 8be4 | 4883 ec20 | 4883 e4f0 

  0x000001bc07b3fc70: ;   {runtime_call}
  0x000001bc07b3fc70: 48b8 d052 | 4dee fd7f | 0000 ffd0 | 498b e44d | 33e4 488b | 45f8 41c7 | 874c 0400 | 0008 0000 
  0x000001bc07b3fc90: 0041 83bf | c804 0000 | 020f 84ca 

  0x000001bc07b3fc9c: ;   {external_word}
  0x000001bc07b3fc9c: 0000 0049 | bac6 5cd8 | eefd 7f00 | 0041 803a | 000f 844c | 0000 0048 

  0x000001bc07b3fcb4: ;   {metadata({method} {0x000001bc0f434f58} 'defineClass1' '(Ljava/lang/ClassLoader;Ljava/lang/String;[BIILjava/security/ProtectionDomain;Ljava/lang/String;)Ljava/lang/Class;' in 'java/lang/ClassLoader')}
  0x000001bc07b3fcb4: 8945 f848 | ba50 4f43 | 0fbc 0100 | 0049 8bcf | 4883 ec20 | 40f6 c40f | 0f84 1900 | 0000 4883 
  0x000001bc07b3fcd4: ;   {runtime_call}
  0x000001bc07b3fcd4: ec08 48b8 | 50e1 81ee | fd7f 0000 | ffd0 4883 | c408 e90c 

  0x000001bc07b3fce8: ;   {runtime_call}
  0x000001bc07b3fce8: 0000 0048 | b850 e181 | eefd 7f00 | 00ff d048 | 83c4 2048 | 8b45 f849 | c787 a003 | 0000 0000 
  0x000001bc07b3fd08: 0000 49c7 | 87a8 0300 | 0000 0000 | 00c5 f877 | 4885 c00f | 8425 0000 | 00a8 030f | 8508 0000 
  0x000001bc07b3fd28: 0048 8b00 | e915 0000 | 00a8 010f | 8509 0000 | 0048 8b40 | fee9 0400 | 0000 488b | 40ff 498b 
  0x000001bc07b3fd48: 8f30 0400 | 00c7 8100 | 0100 0000 | 0000 00c9 | 4983 7f08 | 000f 8501 | 0000 00c3 

  0x000001bc07b3fd64: ;   {runtime_call StubRoutines (initial stubs)}
  0x000001bc07b3fd64: e997 119f | ffc5 f877 | 4889 45f8 | 4c8b e448 | 83ec 2048 

  0x000001bc07b3fd78: ;   {runtime_call}
  0x000001bc07b3fd78: 83e4 f048 | b8a0 1882 | eefd 7f00 | 00ff d049 | 8be4 4d33 | e448 8b45 | f8e9 09ff | ffff f4f4 
[/MachCode]


Compiled method (c1) 20299 1755       3       java.security.SecureClassLoader::defineClass (16 bytes)
 total in heap  [0x000001bc00310290,0x000001bc00310690] = 1024
 relocation     [0x000001bc003103f0,0x000001bc00310440] = 80
 main code      [0x000001bc00310440,0x000001bc00310598] = 344
 stub code      [0x000001bc00310598,0x000001bc003105e8] = 80
 metadata       [0x000001bc003105e8,0x000001bc003105f0] = 8
 scopes data    [0x000001bc003105f0,0x000001bc00310638] = 72
 scopes pcs     [0x000001bc00310638,0x000001bc00310688] = 80
 dependencies   [0x000001bc00310688,0x000001bc00310690] = 8

[Constant Pool (empty)]

[MachCode]
[Entry Point]
  # {method} {0x000001bc0f04e0e8} 'defineClass' '(Ljava/lang/String;[BIILjava/security/CodeSource;)Ljava/lang/Class;' in 'java/security/SecureClassLoader'
  # this:     rdx:rdx   = 'java/security/SecureClassLoader'
  # parm0:    r8:r8     = 'java/lang/String'
  # parm1:    r9:r9     = '[B'
  # parm2:    rdi       = int
  # parm3:    rsi       = int
  # parm4:    rcx:rcx   = 'java/security/CodeSource'
  #           [sp+0x80]  (sp of caller)
  0x000001bc00310440: 448b 5208 | 49bb 0000 | 000f bc01 | 0000 4d03 | d34c 3bd0 

  0x000001bc00310454: ;   {runtime_call ic_miss_stub}
  0x000001bc00310454: 0f85 26e0 | 2607 660f | 1f44 0000 
[Verified Entry Point]
  0x000001bc00310460: 8984 2400 | 80ff ff55 | 4883 ec70 | 4181 7f20 | 0100 0000 

  0x000001bc00310474: ;   {runtime_call StubRoutines (final stubs)}
  0x000001bc00310474: 7405 e865 

  0x000001bc00310478: ;   {metadata(method data for {method} {0x000001bc0f04e0e8} 'defineClass' '(Ljava/lang/String;[BIILjava/security/CodeSource;)Ljava/lang/Class;' in 'java/security/SecureClassLoader')}
  0x000001bc00310478: 8525 0748 | bbf8 933b | 52bc 0100 | 008b 83cc | 0000 0083 | c002 8983 | cc00 0000 | 25fe 0700 
  0x000001bc00310498: 0085 c00f | 8496 0000 | 0089 7424 | 5c89 7c24 | 584c 894c | 2450 4c89 | 4424 4848 

  0x000001bc003104b4: ;   {metadata(method data for {method} {0x000001bc0f04e0e8} 'defineClass' '(Ljava/lang/String;[BIILjava/security/CodeSource;)Ljava/lang/Class;' in 'java/security/SecureClassLoader')}
  0x000001bc003104b4: 8bda 48b8 | f893 3b52 | bc01 0000 | 4883 8010 | 0100 0001 | 4c8b c148 | 8bc2 488b | d048 8944 
  0x000001bc003104d4: ;   {optimized virtual_call}
  0x000001bc003104d4: 2440 90e8 

  0x000001bc003104d8: ; ImmutableOopMap {[64]=Oop [72]=Oop [80]=Oop }
                      ;*invokevirtual getProtectionDomain {reexecute=0 rethrow=0 return_oop=0}
                      ; - java.security.SecureClassLoader::defineClass@9
  0x000001bc003104d8: c49e ffff 

  0x000001bc003104dc: ;   {other}
  0x000001bc003104dc: 0f1f 8400 | 4c02 0000 | 488b 5424 

  0x000001bc003104e8: ;   {metadata(method data for {method} {0x000001bc0f04e0e8} 'defineClass' '(Ljava/lang/String;[BIILjava/security/CodeSource;)Ljava/lang/Class;' in 'java/security/SecureClassLoader')}
  0x000001bc003104e8: 4049 b8f8 | 933b 52bc | 0100 0049 | 8380 4801 | 0000 014c | 8b44 2448 | 4c8b 4c24 | 508b 7c24 
  0x000001bc00310508: 588b 7424 | 5c48 8bc8 | 488b 5424 

  0x000001bc00310514: ;   {optimized virtual_call}
  0x000001bc00310514: 4066 90e8 

  0x000001bc00310518: ; ImmutableOopMap {}
                      ;*invokevirtual defineClass {reexecute=0 rethrow=0 return_oop=0}
                      ; - java.security.SecureClassLoader::defineClass@12
  0x000001bc00310518: 8b00 0000 

  0x000001bc0031051c: ;   {other}
  0x000001bc0031051c: 0f1f 8400 | 8c02 0001 | 4883 c470 

  0x000001bc00310528: ;   {poll_return}
  0x000001bc00310528: 5d49 3ba7 | 5004 0000 | 0f87 2200 

  0x000001bc00310534: ;   {metadata({method} {0x000001bc0f04e0e8} 'defineClass' '(Ljava/lang/String;[BIILjava/security/CodeSource;)Ljava/lang/Class;' in 'java/security/SecureClassLoader')}
  0x000001bc00310534: 0000 c349 | bae0 e004 | 0fbc 0100 | 004c 8954 | 2408 48c7 | 0424 ffff 

  0x000001bc0031054c: ;   {runtime_call counter_overflow Runtime1 stub}
  0x000001bc0031054c: ffff e8ad 

  0x000001bc00310550: ; ImmutableOopMap {rdx=Oop r8=Oop r9=Oop rcx=Oop }
                      ;*synchronization entry
                      ; - java.security.SecureClassLoader::defineClass@-1
  0x000001bc00310550: 4132 07e9 | 49ff ffff 

  0x000001bc00310558: ;   {internal_word}
  0x000001bc00310558: 49ba 2905 | 3100 bc01 | 0000 4d89 | 9768 0400 

  0x000001bc00310568: ;   {runtime_call SafepointBlob}
  0x000001bc00310568: 00e9 9245 | 2707 498b | 8700 0500 | 0049 c787 | 0005 0000 | 0000 0000 | 49c7 8708 | 0500 0000 
  0x000001bc00310588: 0000 0048 | 83c4 705d 

  0x000001bc00310590: ;   {runtime_call unwind_exception Runtime1 stub}
  0x000001bc00310590: e96b de31 | 07f4 f4f4 
[Stub Code]
  0x000001bc00310598: ;   {no_reloc}
  0x000001bc00310598: 48bb 0000 | 0000 0000 

  0x000001bc003105a0: ;   {runtime_call nmethod}
  0x000001bc003105a0: 0000 e9fb 

  0x000001bc003105a4: ;   {static_stub}
  0x000001bc003105a4: ffff ff48 | bbd0 5243 | 0fbc 0100 

  0x000001bc003105b0: ;   {runtime_call I2C/C2I adapters}
  0x000001bc003105b0: 00e9 3f44 

  0x000001bc003105b4: ;   {runtime_call handle_exception_from_callee Runtime1 stub}
  0x000001bc003105b4: 2607 e845 

  0x000001bc003105b8: ;   {external_word}
  0x000001bc003105b8: 0b32 0748 | b940 53ae | eefd 7f00 | 0048 83e4 

  0x000001bc003105c8: ;   {runtime_call}
  0x000001bc003105c8: f048 b8b0 | c370 eefd | 7f00 00ff 

  0x000001bc003105d4: ;   {section_word}
  0x000001bc003105d4: d0f4 49ba | d605 3100 | bc01 0000 

  0x000001bc003105e0: ;   {runtime_call DeoptimizationBlob}
  0x000001bc003105e0: 4152 e9b9 | 3727 07f4 
[/MachCode]


Compiled method (c1) 20325 1635   !   3       java.net.URLClassLoader::defineClass (224 bytes)
 total in heap  [0x000001bc002c6510,0x000001bc002c9bc0] = 14000
 relocation     [0x000001bc002c6670,0x000001bc002c6a00] = 912
 main code      [0x000001bc002c6a00,0x000001bc002c8a78] = 8312
 stub code      [0x000001bc002c8a78,0x000001bc002c8c58] = 480
 oops           [0x000001bc002c8c58,0x000001bc002c8c68] = 16
 metadata       [0x000001bc002c8c68,0x000001bc002c8db0] = 328
 scopes data    [0x000001bc002c8db0,0x000001bc002c9430] = 1664
 scopes pcs     [0x000001bc002c9430,0x000001bc002c9990] = 1376
 dependencies   [0x000001bc002c9990,0x000001bc002c9a00] = 112
 handler table  [0x000001bc002c9a00,0x000001bc002c9b38] = 312
 nul chk table  [0x000001bc002c9b38,0x000001bc002c9bc0] = 136

[Constant Pool (empty)]

[MachCode]
[Entry Point]
  # {method} {0x000001bc520a4c58} 'defineClass' '(Ljava/lang/String;Ljdk/internal/loader/Resource;)Ljava/lang/Class;' in 'java/net/URLClassLoader'
  # this:     rdx:rdx   = 'java/net/URLClassLoader'
  # parm0:    r8:r8     = 'java/lang/String'
  # parm1:    r9:r9     = 'jdk/internal/loader/Resource'
  #           [sp+0x180]  (sp of caller)
  0x000001bc002c6a00: 448b 5208 | 49bb 0000 | 000f bc01 | 0000 4d03 | d34c 3bd0 

  0x000001bc002c6a14: ;   {runtime_call ic_miss_stub}
  0x000001bc002c6a14: 0f85 667a | 2b07 660f | 1f44 0000 
[Verified Entry Point]
  0x000001bc002c6a20: 8984 2400 | 80ff ff55 | 4881 ec70 | 0100 0090 | 4181 7f20 | 0100 0000 

  0x000001bc002c6a38: ;   {runtime_call StubRoutines (final stubs)}
  0x000001bc002c6a38: 7405 e8a1 | 1f2a 0748 | 8994 24e8 | 0000 004c | 8984 24d8 | 0000 004c | 898c 24e0 

  0x000001bc002c6a54: ;   {metadata(method data for {method} {0x000001bc520a4c58} 'defineClass' '(Ljava/lang/String;Ljdk/internal/loader/Resource;)Ljava/lang/Class;' in 'java/net/URLClassLoader')}
  0x000001bc002c6a54: 0000 0048 | beb8 6c3b | 52bc 0100 | 008b becc | 0000 0083 | c702 89be | cc00 0000 | 81e7 fe07 
  0x000001bc002c6a74: 0000 85ff | 0f84 231b 

  0x000001bc002c6a7c: ;   {metadata(method data for {method} {0x000001bc520a4c58} 'defineClass' '(Ljava/lang/String;Ljdk/internal/loader/Resource;)Ljava/lang/Class;' in 'java/net/URLClassLoader')}
  0x000001bc002c6a7c: 0000 48be | b86c 3b52 | bc01 0000 | 4883 8610 | 0100 0001 

  0x000001bc002c6a90: ;   {runtime_call}
  0x000001bc002c6a90: 48b8 2027 | 7bee fd7f | 0000 ffd0 

  0x000001bc002c6a9c: ;   {other}
  0x000001bc002c6a9c: 0f1f 8400 | 0000 0000 | 4889 8424 | f000 0000 | 4c8b 8424 | d800 0000 

  0x000001bc002c6ab4: ; implicit exception: dispatches to 0x000001bc002c85c2
  0x000001bc002c6ab4: 493b 0049 

  0x000001bc002c6ab8: ;   {metadata(method data for {method} {0x000001bc520a4c58} 'defineClass' '(Ljava/lang/String;Ljdk/internal/loader/Resource;)Ljava/lang/Class;' in 'java/net/URLClassLoader')}
  0x000001bc002c6ab8: 8bc8 48ba | b86c 3b52 | bc01 0000 | 4883 8220 | 0100 0001 

  0x000001bc002c6acc: ;   {metadata(method data for {method} {0x000001bc0f453d30} 'lastIndexOf' '(I)I' in 'java/lang/String')}
  0x000001bc002c6acc: 48b9 f871 | 0552 bc01 | 0000 8b91 | cc00 0000 | 83c2 0289 | 91cc 0000 | 0081 e2fe | ff1f 0085 
  0x000001bc002c6aec: d20f 84d4 | 1a00 0049 

  0x000001bc002c6af4: ;   {metadata(method data for {method} {0x000001bc0f453d30} 'lastIndexOf' '(I)I' in 'java/lang/String')}
  0x000001bc002c6af4: 8bc8 48ba | f871 0552 | bc01 0000 | 4883 8210 | 0100 0001 

  0x000001bc002c6b08: ;   {metadata(method data for {method} {0x000001bc0f00ee90} 'length' '()I' in 'java/lang/String')}
  0x000001bc002c6b08: 48b9 38f5 | 0052 bc01 | 0000 8b91 | cc00 0000 | 83c2 0289 | 91cc 0000 | 0081 e2fe | ff1f 0085 
  0x000001bc002c6b28: d20f 84b9 | 1a00 0041 | 8b70 148b | 560c 498b 

  0x000001bc002c6b38: ;   {metadata(method data for {method} {0x000001bc0f00ee90} 'length' '()I' in 'java/lang/String')}
  0x000001bc002c6b38: c849 b938 | f500 52bc | 0100 0049 | 8381 1001 

  0x000001bc002c6b48: ;   {metadata(method data for {method} {0x000001bc0f455018} 'coder' '()B' in 'java/lang/String')}
  0x000001bc002c6b48: 0000 0148 | b9c0 f300 | 52bc 0100 | 0044 8b89 | cc00 0000 | 4183 c102 | 4489 89cc | 0000 0041 
  0x000001bc002c6b68: 81e1 feff | 1f00 4585 | c90f 8497 

  0x000001bc002c6b74: ;   {metadata(method data for {method} {0x000001bc0f455018} 'coder' '()B' in 'java/lang/String')}
  0x000001bc002c6b74: 1a00 0048 | b9c0 f300 | 52bc 0100 | 00ff 8120 | 0100 0045 | 0fbe 4810 

  0x000001bc002c6b8c: ;   {metadata(method data for {method} {0x000001bc0f455018} 'coder' '()B' in 'java/lang/String')}
  0x000001bc002c6b8c: 48b9 c0f3 | 0052 bc01 | 0000 ff81 | 3001 0000 | 498b c9c1 | e118 c1f9 | 18d3 fa48 | 8bfa ffcf 
  0x000001bc002c6bac: ;   {metadata(method data for {method} {0x000001bc0f453d30} 'lastIndexOf' '(I)I' in 'java/lang/String')}
  0x000001bc002c6bac: 498b d048 | bbf8 7105 | 52bc 0100 | 0048 8383 | 4801 0000 

  0x000001bc002c6bc0: ;   {metadata(method data for {method} {0x000001bc0f453c80} 'lastIndexOf' '(II)I' in 'java/lang/String')}
  0x000001bc002c6bc0: 0148 bac0 | 7305 52bc | 0100 008b | 9acc 0000 | 0083 c302 | 899a cc00 | 0000 81e3 | feff 1f00 
  0x000001bc002c6be0: 85db 0f84 | 471a 0000 

  0x000001bc002c6be8: ;   {metadata(method data for {method} {0x000001bc0f453c80} 'lastIndexOf' '(II)I' in 'java/lang/String')}
  0x000001bc002c6be8: 498b d048 | bbc0 7305 | 52bc 0100 | 0048 8383 | 1001 0000 

  0x000001bc002c6bfc: ;   {metadata(method data for {method} {0x000001bc0f454410} 'isLatin1' '()Z' in 'java/lang/String')}
  0x000001bc002c6bfc: 0148 ba60 | 9c00 52bc | 0100 008b | 9acc 0000 | 0083 c302 | 899a cc00 | 0000 81e3 | feff 1f00 
  0x000001bc002c6c1c: 85db 0f84 | 2c1a 0000 

  0x000001bc002c6c24: ;   {metadata(method data for {method} {0x000001bc0f454410} 'isLatin1' '()Z' in 'java/lang/String')}
  0x000001bc002c6c24: 48ba 609c | 0052 bc01 | 0000 ff82 | 2001 0000 

  0x000001bc002c6c34: ;   {metadata(method data for {method} {0x000001bc0f454410} 'isLatin1' '()Z' in 'java/lang/String')}
  0x000001bc002c6c34: 4585 c948 | ba60 9c00 | 52bc 0100 | 0049 c7c1 | 3001 0000 | 7507 49c7 | c140 0100 | 004a 8b1c 
  0x000001bc002c6c54: 0a48 8d5b | 014a 891c | 0a0f 851a 

  0x000001bc002c6c60: ;   {metadata(method data for {method} {0x000001bc0f454410} 'isLatin1' '()Z' in 'java/lang/String')}
  0x000001bc002c6c60: 0000 0048 | ba60 9c00 | 52bc 0100 | 00ff 8250 | 0100 00ba | 0100 0000 | e905 0000 | 00ba 0000 
  0x000001bc002c6c80: 0000 83e2 

  0x000001bc002c6c84: ;   {metadata(method data for {method} {0x000001bc0f453c80} 'lastIndexOf' '(II)I' in 'java/lang/String')}
  0x000001bc002c6c84: 0185 d248 | bac0 7305 | 52bc 0100 | 0049 c7c1 | 4801 0000 | 7407 49c7 | c158 0100 | 004a 8b1c 
  0x000001bc002c6ca4: 0a48 8d5b | 014a 891c | 0a0f 8446 

  0x000001bc002c6cb0: ;   {metadata(method data for {method} {0x000001bc0f453c80} 'lastIndexOf' '(II)I' in 'java/lang/String')}
  0x000001bc002c6cb0: 0000 0048 | bac0 7305 | 52bc 0100 | 0048 8382 | 6801 0000 | 0148 8bd6 | 41b8 2e00 | 0000 4c8b 
  0x000001bc002c6cd0: cf66 0f1f 

  0x000001bc002c6cd4: ;   {static_call}
  0x000001bc002c6cd4: 4400 00e8 

  0x000001bc002c6cd8: ; ImmutableOopMap {[216]=Oop [224]=Oop [232]=Oop }
                      ;*invokestatic lastIndexOf {reexecute=0 rethrow=0 return_oop=0}
                      ; - java.lang.String::lastIndexOf@13
                      ; - java.lang.String::lastIndexOf@8
                      ; - java.net.URLClassLoader::defineClass@7
  0x000001bc002c6cd8: 442e 8407 

  0x000001bc002c6cdc: ;   {other}
  0x000001bc002c6cdc: 0f1f 8400 | cc07 0000 

  0x000001bc002c6ce4: ;   {metadata(method data for {method} {0x000001bc0f453c80} 'lastIndexOf' '(II)I' in 'java/lang/String')}
  0x000001bc002c6ce4: 48ba c073 | 0552 bc01 | 0000 ff82 | 7801 0000 | e92b 0000 

  0x000001bc002c6cf8: ;   {metadata(method data for {method} {0x000001bc0f453c80} 'lastIndexOf' '(II)I' in 'java/lang/String')}
  0x000001bc002c6cf8: 0048 bac0 | 7305 52bc | 0100 0048 | 8382 9001 | 0000 0148 | 8bd6 41b8 | 2e00 0000 

  0x000001bc002c6d14: ;   {static_call}
  0x000001bc002c6d14: 4c8b cfe8 

  0x000001bc002c6d18: ; ImmutableOopMap {[216]=Oop [224]=Oop [232]=Oop }
                      ;*invokestatic lastIndexOf {reexecute=0 rethrow=0 return_oop=0}
                      ; - java.lang.String::lastIndexOf@25
                      ; - java.lang.String::lastIndexOf@8
                      ; - java.net.URLClassLoader::defineClass@7
  0x000001bc002c6d18: 6480 2b07 

  0x000001bc002c6d1c: ;   {other}
  0x000001bc002c6d1c: 0f1f 8400 | 0c08 0001 | 4c8b 8c24 | e000 0000 

  0x000001bc002c6d2c: ; implicit exception: dispatches to 0x000001bc002c8671
  0x000001bc002c6d2c: 493b 014d 

  0x000001bc002c6d30: ;   {metadata(method data for {method} {0x000001bc520a4c58} 'defineClass' '(Ljava/lang/String;Ljdk/internal/loader/Resource;)Ljava/lang/Class;' in 'java/net/URLClassLoader')}
  0x000001bc002c6d30: 8bc1 48ba | b86c 3b52 | bc01 0000 

  0x000001bc002c6d3c: ;   {metadata('jdk/internal/loader/URLClassPath$JarLoader$2')}
  0x000001bc002c6d3c: 49ba d821 | 210f bc01 | 0000 4c89 | 9268 0100 | 0048 8382 | 7001 0000 

  0x000001bc002c6d54: ;   {metadata(method data for {method} {0x000001bc0f212970} 'getCodeSourceURL' '()Ljava/net/URL;' in 'jdk/internal/loader/URLClassPath$JarLoader$2')}
  0x000001bc002c6d54: 0149 b880 | 733b 52bc | 0100 0041 | 8b90 cc00 | 0000 83c2 | 0241 8990 | cc00 0000 | 81e2 feff 
  0x000001bc002c6d74: 1f00 85d2 | 0f84 f818 | 0000 458b | 4120 418b | 701c 4889 | b424 f800 | 0000 83f8 

  0x000001bc002c6d90: ;   {metadata(method data for {method} {0x000001bc520a4c58} 'defineClass' '(Ljava/lang/String;Ljdk/internal/loader/Resource;)Ljava/lang/Class;' in 'java/net/URLClassLoader')}
  0x000001bc002c6d90: ff49 b8b8 | 6c3b 52bc | 0100 0048 | c7c2 9001 | 0000 7407 | 48c7 c2a0 | 0100 0049 | 8b3c 1048 
  0x000001bc002c6db0: 8d7f 0149 | 893c 100f | 84ce 0800 | 004c 8b84 | 24d8 0000 

  0x000001bc002c6dc4: ;   {metadata(method data for {method} {0x000001bc520a4c58} 'defineClass' '(Ljava/lang/String;Ljdk/internal/loader/Resource;)Ljava/lang/Class;' in 'java/net/URLClassLoader')}
  0x000001bc002c6dc4: 0048 bab8 | 6c3b 52bc | 0100 0048 | 8382 b001 | 0000 0141 | b800 0000 | 004c 8bc8 | 488b 9424 
  0x000001bc002c6de4: d800 0000 | 0f1f 8000 

  0x000001bc002c6dec: ;   {optimized virtual_call}
  0x000001bc002c6dec: 0000 00e8 

  0x000001bc002c6df0: ; ImmutableOopMap {[216]=Oop [224]=Oop [232]=Oop [248]=Oop }
                      ;*invokevirtual substring {reexecute=0 rethrow=0 return_oop=0}
                      ; - java.net.URLClassLoader::defineClass@28
  0x000001bc002c6df0: 0c87 8507 

  0x000001bc002c6df4: ;   {other}
  0x000001bc002c6df4: 0f1f 8400 | e408 0002 | 4889 8424 | 0001 0000 | 4c8b 8c24 | e000 0000 

  0x000001bc002c6e0c: ;   {metadata(method data for {method} {0x000001bc520a4c58} 'defineClass' '(Ljava/lang/String;Ljdk/internal/loader/Resource;)Ljava/lang/Class;' in 'java/net/URLClassLoader')}
  0x000001bc002c6e0c: 48be b86c | 3b52 bc01 

  0x000001bc002c6e14: ;   {metadata('jdk/internal/loader/URLClassPath$JarLoader$2')}
  0x000001bc002c6e14: 0000 49ba | d821 210f | bc01 0000 | 4c89 96f8 | 0100 0048 | 8386 0002 

  0x000001bc002c6e2c: ;   {metadata(method data for {method} {0x000001bc0f2129c8} 'getManifest' '()Ljava/util/jar/Manifest;' in 'jdk/internal/loader/URLClassPath$JarLoader$2')}
  0x000001bc002c6e2c: 0000 0148 | bec0 743b | 52bc 0100 | 008b becc | 0000 0083 | c702 89be | cc00 0000 | 81e7 feff 
  0x000001bc002c6e4c: 1f00 85ff | 0f84 4618 

  0x000001bc002c6e54: ;   {metadata(method data for {method} {0x000001bc0f2129c8} 'getManifest' '()Ljava/util/jar/Manifest;' in 'jdk/internal/loader/URLClassPath$JarLoader$2')}
  0x000001bc002c6e54: 0000 48be | c074 3b52 | bc01 0000 | 4883 8610 | 0100 0001 

  0x000001bc002c6e68: ;   {metadata(method data for {method} {0x000001bc0f473d98} 'javaUtilJarAccess' '()Ljdk/internal/access/JavaUtilJarAccess;' in 'jdk/internal/access/SharedSecrets')}
  0x000001bc002c6e68: 48be f801 | 3252 bc01 | 0000 8bbe | cc00 0000 | 83c7 0289 | becc 0000 | 0081 e7fe | ff1f 0085 
  0x000001bc002c6e88: ff0f 842e 

  0x000001bc002c6e8c: ;   {oop(a 'java/lang/Class'{0x00000000800054b0} = 'jdk/internal/access/SharedSecrets')}
  0x000001bc002c6e8c: 1800 0048 | beb0 5400 | 8000 0000 | 008b b6d4 | 0000 0048 

  0x000001bc002c6ea0: ;   {metadata(method data for {method} {0x000001bc0f473d98} 'javaUtilJarAccess' '()Ljdk/internal/access/JavaUtilJarAccess;' in 'jdk/internal/access/SharedSecrets')}
  0x000001bc002c6ea0: 85f6 48bf | f801 3252 | bc01 0000 | 48c7 c310 | 0100 0075 | 0748 c7c3 | 2001 0000 | 488b 141f 
  0x000001bc002c6ec0: 488d 5201 | 4889 141f | 0f85 7c02 

  0x000001bc002c6ecc: ;   {metadata(method data for {method} {0x000001bc0f473d98} 'javaUtilJarAccess' '()Ljdk/internal/access/JavaUtilJarAccess;' in 'jdk/internal/access/SharedSecrets')}
  0x000001bc002c6ecc: 0000 48be | f801 3252 | bc01 0000 | 4883 8630 | 0100 0001 

  0x000001bc002c6ee0: ;   {metadata(method data for {method} {0x000001bc0f474058} 'ensureClassInitialized' '(Ljava/lang/Class;)V' in 'jdk/internal/access/SharedSecrets')}
  0x000001bc002c6ee0: 48be 7003 | 3252 bc01 | 0000 8bbe | cc00 0000 | 83c7 0289 | becc 0000 | 0081 e7fe | ff1f 0085 
  0x000001bc002c6f00: ff0f 84d7 

  0x000001bc002c6f04: ;   {metadata(method data for {method} {0x000001bc0f474058} 'ensureClassInitialized' '(Ljava/lang/Class;)V' in 'jdk/internal/access/SharedSecrets')}
  0x000001bc002c6f04: 1700 0048 | be70 0332 | 52bc 0100 | 0048 8386 | 1001 0000 

  0x000001bc002c6f18: ;   {metadata(method data for {method} {0x000001bc0f3f0a98} 'lookup' '()Ljava/lang/invoke/MethodHandles$Lookup;' in 'java/lang/invoke/MethodHandles')}
  0x000001bc002c6f18: 0148 be20 | 0532 52bc | 0100 008b | becc 0000 | 0083 c702 | 89be cc00 | 0000 81e7 | feff 1f00 
  0x000001bc002c6f38: 85ff 0f84 | bf17 0000 

  0x000001bc002c6f40: ;   {metadata(method data for {method} {0x000001bc0f3f0a98} 'lookup' '()Ljava/lang/invoke/MethodHandles$Lookup;' in 'java/lang/invoke/MethodHandles')}
  0x000001bc002c6f40: 48be 2005 | 3252 bc01 | 0000 4883 | 8610 0100 | 0001 0f1f 

  0x000001bc002c6f54: ;   {static_call}
  0x000001bc002c6f54: 4400 00e8 

  0x000001bc002c6f58: ; ImmutableOopMap {[216]=Oop [224]=Oop [232]=Oop [248]=Oop [256]=Oop }
                      ;*invokestatic getCallerClass {reexecute=0 rethrow=0 return_oop=0}
                      ; - java.lang.invoke.MethodHandles::lookup@0
                      ; - jdk.internal.access.SharedSecrets::ensureClassInitialized@0
                      ; - jdk.internal.access.SharedSecrets::javaUtilJarAccess@10
                      ; - jdk.internal.loader.URLClassPath$JarLoader$2::getManifest@0
                      ; - java.net.URLClassLoader::defineClass@34
  0x000001bc002c6f58: 247e 2b07 

  0x000001bc002c6f5c: ;   {other}
  0x000001bc002c6f5c: 0f1f 8400 | 4c0a 0003 | 4c8b c04d 

  0x000001bc002c6f68: ;   {metadata(method data for {method} {0x000001bc0f3f0a98} 'lookup' '()Ljava/lang/invoke/MethodHandles$Lookup;' in 'java/lang/invoke/MethodHandles')}
  0x000001bc002c6f68: 85c0 48ba | 2005 3252 | bc01 0000 | 48c7 c630 | 0100 0074 | 0748 c7c6 | 2001 0000 | 488b 3c32 
  0x000001bc002c6f88: 488d 7f01 | 4889 3c32 | 0f84 1b01 

  0x000001bc002c6f94: ;   {metadata('java/lang/invoke/MethodHandles$Lookup')}
  0x000001bc002c6f94: 0000 48ba | 3034 090f | bc01 0000 | 498b 87b8 | 0100 0048 | 8d78 2049 | 3bbf c801 | 0000 0f87 
  0x000001bc002c6fb4: 6817 0000 | 4989 bfb8 | 0100 0048 | c700 0100 | 0000 488b | ca49 ba00 | 0000 0fbc | 0100 0049 
  0x000001bc002c6fd4: 2bca 8948 | 0848 33c9 | 8948 0c48 | 33c9 4889 | 4810 4889 | 4818 4c8b 

  0x000001bc002c6fec: ;   {metadata(method data for {method} {0x000001bc0f3f0a98} 'lookup' '()Ljava/lang/invoke/MethodHandles$Lookup;' in 'java/lang/invoke/MethodHandles')}
  0x000001bc002c6fec: c848 bf20 | 0532 52bc | 0100 0048 | 8387 5001 

  0x000001bc002c6ffc: ;   {metadata(method data for {method} {0x000001bc0f3e21b0} '<init>' '(Ljava/lang/Class;)V' in 'java/lang/invoke/MethodHandles$Lookup')}
  0x000001bc002c6ffc: 0000 0149 | b9b8 0632 | 52bc 0100 | 0041 8bb9 | cc00 0000 | 83c7 0241 | 89b9 cc00 | 0000 81e7 
  0x000001bc002c701c: feff 1f00 | 85ff 0f84 | 0517 0000 

  0x000001bc002c7028: ;   {metadata(method data for {method} {0x000001bc0f3e21b0} '<init>' '(Ljava/lang/Class;)V' in 'java/lang/invoke/MethodHandles$Lookup')}
  0x000001bc002c7028: 4c8b c848 | bfb8 0632 | 52bc 0100 | 0048 8387 | 1001 0000 

  0x000001bc002c703c: ;   {oop(nullptr)}
  0x000001bc002c703c: 0149 b900 | 0000 0000 | 0000 00bf | 5f00 0000 | 488b d048 | 8984 2408 

  0x000001bc002c7054: ;   {optimized virtual_call}
  0x000001bc002c7054: 0100 00e8 

  0x000001bc002c7058: ; ImmutableOopMap {[216]=Oop [224]=Oop [232]=Oop [248]=Oop [256]=Oop [264]=Oop }
                      ;*invokespecial <init> {reexecute=0 rethrow=0 return_oop=0}
                      ; - java.lang.invoke.MethodHandles$Lookup::<init>@5
                      ; - java.lang.invoke.MethodHandles::lookup@23
                      ; - jdk.internal.access.SharedSecrets::ensureClassInitialized@0
                      ; - jdk.internal.access.SharedSecrets::javaUtilJarAccess@10
                      ; - jdk.internal.loader.URLClassPath$JarLoader$2::getManifest@0
                      ; - java.net.URLClassLoader::defineClass@34
  0x000001bc002c7058: 2477 2b07 

  0x000001bc002c705c: ;   {other}
  0x000001bc002c705c: 0f1f 8400 | 4c0b 0004 | 488b 8424 | 0801 0000 

  0x000001bc002c706c: ;   {metadata(method data for {method} {0x000001bc0f474058} 'ensureClassInitialized' '(Ljava/lang/Class;)V' in 'jdk/internal/access/SharedSecrets')}
  0x000001bc002c706c: 4c8b c048 | ba70 0332 | 52bc 0100 | 0048 8382 | 2001 0000 

  0x000001bc002c7080: ;   {oop(a 'java/lang/Class'{0x00000000800055b0} = 'java/util/jar/JarFile')}
  0x000001bc002c7080: 0149 b8b0 | 5500 8000 | 0000 0048 

  0x000001bc002c708c: ;   {optimized virtual_call}
  0x000001bc002c708c: 8bd0 90e8 

  0x000001bc002c7090: ; ImmutableOopMap {[216]=Oop [224]=Oop [232]=Oop [248]=Oop [256]=Oop }
                      ;*invokevirtual ensureInitialized {reexecute=0 rethrow=0 return_oop=0}
                      ; - jdk.internal.access.SharedSecrets::ensureClassInitialized@4
                      ; - jdk.internal.access.SharedSecrets::javaUtilJarAccess@10
                      ; - jdk.internal.loader.URLClassPath$JarLoader$2::getManifest@0
                      ; - java.net.URLClassLoader::defineClass@34
  0x000001bc002c7090: ec76 2b07 

  0x000001bc002c7094: ;   {other}
  0x000001bc002c7094: 0f1f 8400 | 840b 0005 

  0x000001bc002c709c: ;   {metadata(method data for {method} {0x000001bc0f474058} 'ensureClassInitialized' '(Ljava/lang/Class;)V' in 'jdk/internal/access/SharedSecrets')}
  0x000001bc002c709c: 48ba 7003 | 3252 bc01 | 0000 ff82 | 5801 0000 | e986 0000 | 000f 1f80 | 0000 0000 

  0x000001bc002c70b8: ;   {no_reloc}
  0x000001bc002c70b8: e9a0 1600 | 0000 0000 | 0000 e9a0 | 1600 004c 

  0x000001bc002c70c8: ;   {metadata(method data for {method} {0x000001bc0f3f0a98} 'lookup' '()Ljava/lang/invoke/MethodHandles$Lookup;' in 'java/lang/invoke/MethodHandles')}
  0x000001bc002c70c8: 8bc0 48ba | 2005 3252 | bc01 0000 | 4883 8240 | 0100 0001 

  0x000001bc002c70dc: ;   {oop("no caller frame"{0x0000000080005660})}
  0x000001bc002c70dc: 49b8 6056 | 0080 0000 | 0000 488b | d048 8984 | 2410 0100 | 0066 0f1f 

  0x000001bc002c70f4: ;   {optimized virtual_call}
  0x000001bc002c70f4: 4400 00e8 

  0x000001bc002c70f8: ; ImmutableOopMap {[216]=Oop [224]=Oop [232]=Oop [248]=Oop [256]=Oop [272]=Oop }
                      ;*invokespecial <init> {reexecute=0 rethrow=0 return_oop=0}
                      ; - java.lang.invoke.MethodHandles::lookup@14
                      ; - jdk.internal.access.SharedSecrets::ensureClassInitialized@0
                      ; - jdk.internal.access.SharedSecrets::javaUtilJarAccess@10
                      ; - jdk.internal.loader.URLClassPath$JarLoader$2::getManifest@0
                      ; - java.net.URLClassLoader::defineClass@34
  0x000001bc002c70f8: 8476 2b07 

  0x000001bc002c70fc: ;   {other}
  0x000001bc002c70fc: 0f1f 8400 | ec0b 0006 | 488b 8424 

  0x000001bc002c7108: ; ImmutableOopMap {rax=Oop [216]=Oop [224]=Oop [232]=Oop [248]=Oop [256]=Oop }
                      ;*athrow {reexecute=1 rethrow=0 return_oop=0}
                      ; - (reexecute) java.lang.invoke.MethodHandles::lookup@17
                      ; - jdk.internal.access.SharedSecrets::ensureClassInitialized@0
                      ; - jdk.internal.access.SharedSecrets::javaUtilJarAccess@10
                      ; - jdk.internal.loader.URLClassPath$JarLoader$2::getManifest@0
                      ; - java.net.URLClassLoader::defineClass@34
  0x000001bc002c7108: 1001 0000 

  0x000001bc002c710c: ;   {section_word}
  0x000001bc002c710c: 48ba 0c71 | 2c00 bc01 

  0x000001bc002c7114: ;   {runtime_call handle_exception_nofpu Runtime1 stub}
  0x000001bc002c7114: 0000 e8e5 | 9936 0790 | 498b 8700 | 0500 004d | 33d2 4d89 | 9700 0500 | 004d 33d2 | 4d89 9708 
  0x000001bc002c7134: ;   {oop(a 'java/lang/Class'{0x00000000800054b0} = 'jdk/internal/access/SharedSecrets')}
  0x000001bc002c7134: 0500 0048 | bab0 5400 | 8000 0000 | 008b 92d4 | 0000 0048 | 8bf2 4c8b | 8c24 e000 | 0000 418b 
  0x000001bc002c7154: 5120 8b52 | 1848 85f6 | 0f84 2900 

  0x000001bc002c7160: ;   {metadata('java/util/jar/JavaUtilJarAccessImpl')}
  0x000001bc002c7160: 0000 48b9 | b05a 310f | bc01 0000 | 8b46 0849 | ba00 0000 | 0fbc 0100 | 0049 03c2 | 483b 4838 
  0x000001bc002c7180: 0f85 f315 | 0000 e900 | 0000 0048 | 8bfe 483b 

  0x000001bc002c7190: ;   {metadata(method data for {method} {0x000001bc0f2129c8} 'getManifest' '()Ljava/util/jar/Manifest;' in 'jdk/internal/loader/URLClassPath$JarLoader$2')}
  0x000001bc002c7190: 0648 bfc0 | 743b 52bc 

  0x000001bc002c7198: ;   {metadata('java/util/jar/JavaUtilJarAccessImpl')}
  0x000001bc002c7198: 0100 0049 | bab0 5a31 | 0fbc 0100 | 004c 8997 | 3001 0000 | 4883 8738 | 0100 0001 

  0x000001bc002c71b4: ;   {metadata(method data for {method} {0x000001bc0f315f40} 'ensureInitialization' '(Ljava/util/jar/JarFile;)V' in 'java/util/jar/JavaUtilJarAccessImpl')}
  0x000001bc002c71b4: 48be 9076 | 3b52 bc01 | 0000 8bbe | cc00 0000 | 83c7 0289 | becc 0000 | 0081 e7fe | ff1f 0085 
  0x000001bc002c71d4: ff0f 84a8 | 1500 0048 | 3b02 488b 

  0x000001bc002c71e0: ;   {metadata(method data for {method} {0x000001bc0f315f40} 'ensureInitialization' '(Ljava/util/jar/JarFile;)V' in 'java/util/jar/JavaUtilJarAccessImpl')}
  0x000001bc002c71e0: f248 bf90 | 763b 52bc | 0100 008b | 7608 49ba | 0000 000f | bc01 0000 | 4903 f248 | 3bb7 2001 
  0x000001bc002c7200: 0000 750d | 4883 8728 | 0100 0001 | e960 0000 | 0048 3bb7 | 3001 0000 | 750d 4883 | 8738 0100 
  0x000001bc002c7220: 0001 e94a | 0000 0048 | 83bf 2001 | 0000 0075 | 1748 89b7 | 2001 0000 | 48c7 8728 | 0100 0001 
  0x000001bc002c7240: 0000 00e9 | 2900 0000 | 4883 bf30 | 0100 0000 | 7517 4889 | b730 0100 | 0048 c787 | 3801 0000 
  0x000001bc002c7260: 0100 0000 | e908 0000 | 0048 8387 | 1001 0000 | 0166 0f1f 

  0x000001bc002c7274: ;   {optimized virtual_call}
  0x000001bc002c7274: 4400 00e8 

  0x000001bc002c7278: ; ImmutableOopMap {[216]=Oop [224]=Oop [232]=Oop [248]=Oop [256]=Oop }
                      ;*invokevirtual ensureInitialization {reexecute=0 rethrow=0 return_oop=0}
                      ; - java.util.jar.JavaUtilJarAccessImpl::ensureInitialization@1
                      ; - jdk.internal.loader.URLClassPath$JarLoader$2::getManifest@10
                      ; - java.net.URLClassLoader::defineClass@34
  0x000001bc002c7278: e475 0400 

  0x000001bc002c727c: ;   {other}
  0x000001bc002c727c: 0f1f 8400 | 6c0d 0008 | 4c8b 8c24 | e000 0000 | 418b 5120 

  0x000001bc002c7290: ; implicit exception: dispatches to 0x000001bc002c87a9
  0x000001bc002c7290: 8b52 1848 | 3b02 488b 

  0x000001bc002c7298: ;   {metadata(method data for {method} {0x000001bc0f2129c8} 'getManifest' '()Ljava/util/jar/Manifest;' in 'jdk/internal/loader/URLClassPath$JarLoader$2')}
  0x000001bc002c7298: f248 bfc0 | 743b 52bc | 0100 008b | 7608 49ba | 0000 000f | bc01 0000 | 4903 f248 | 3bb7 6801 
  0x000001bc002c72b8: 0000 750d | 4883 8770 | 0100 0001 | e960 0000 | 0048 3bb7 | 7801 0000 | 750d 4883 | 8780 0100 
  0x000001bc002c72d8: 0001 e94a | 0000 0048 | 83bf 6801 | 0000 0075 | 1748 89b7 | 6801 0000 | 48c7 8770 | 0100 0001 
  0x000001bc002c72f8: 0000 00e9 | 2900 0000 | 4883 bf78 | 0100 0000 | 7517 4889 | b778 0100 | 0048 c787 | 8001 0000 
  0x000001bc002c7318: 0100 0000 | e908 0000 | 0048 8387 | 5801 0000 | 010f 1f40 | 0048 b880 | 1219 0fbc 

  0x000001bc002c7334: ;   {virtual_call}
  0x000001bc002c7334: 0100 00e8 

  0x000001bc002c7338: ; ImmutableOopMap {[216]=Oop [224]=Oop [232]=Oop [248]=Oop [256]=Oop }
                      ;*invokevirtual getManifest {reexecute=0 rethrow=0 return_oop=0}
                      ; - jdk.internal.loader.URLClassPath$JarLoader$2::getManifest@22
                      ; - java.net.URLClassLoader::defineClass@34
  0x000001bc002c7338: 0463 0300 

  0x000001bc002c733c: ;   {other}
  0x000001bc002c733c: 0f1f 8400 | 2c0e 0009 | 4889 8424 | 1801 0000 | 488b 9424 | e800 0000 

  0x000001bc002c7354: ;   {metadata(method data for {method} {0x000001bc520a4c58} 'defineClass' '(Ljava/lang/String;Ljdk/internal/loader/Resource;)Ljava/lang/Class;' in 'java/net/URLClassLoader')}
  0x000001bc002c7354: 49b8 b86c | 3b52 bc01 | 0000 4983 | 8020 0200 | 0001 4c8b | 8424 0001 | 0000 4c8b | c848 8bbc 
  0x000001bc002c7374: 24f8 0000 | 0048 8b94 | 24e8 0000 | 0066 0f1f 

  0x000001bc002c7384: ;   {optimized virtual_call}
  0x000001bc002c7384: 4400 00e8 

  0x000001bc002c7388: ; ImmutableOopMap {[216]=Oop [224]=Oop [232]=Oop [248]=Oop [256]=Oop [280]=Oop }
                      ;*invokevirtual getAndVerifyPackage {reexecute=0 rethrow=0 return_oop=0}
                      ; - java.net.URLClassLoader::defineClass@46
  0x000001bc002c7388: f42e 0000 

  0x000001bc002c738c: ;   {other}
  0x000001bc002c738c: 0f1f 8400 | 7c0e 000a 

  0x000001bc002c7394: ;   {metadata(method data for {method} {0x000001bc520a4c58} 'defineClass' '(Ljava/lang/String;Ljdk/internal/loader/Resource;)Ljava/lang/Class;' in 'java/net/URLClassLoader')}
  0x000001bc002c7394: 4885 c049 | b8b8 6c3b | 52bc 0100 | 0049 c7c1 | 6802 0000 | 7407 49c7 | c158 0200 | 004b 8b3c 
  0x000001bc002c73b4: 0848 8d7f | 014b 893c | 080f 840d | 0000 004c | 8b8c 24e0 | 0000 00e9 | bb02 0000 | 488b 8424 
  0x000001bc002c73d4: 1801 0000 

  0x000001bc002c73d8: ;   {metadata(method data for {method} {0x000001bc520a4c58} 'defineClass' '(Ljava/lang/String;Ljdk/internal/loader/Resource;)Ljava/lang/Class;' in 'java/net/URLClassLoader')}
  0x000001bc002c73d8: 4885 c049 | b8b8 6c3b | 52bc 0100 | 0049 c7c1 | 7802 0000 | 7407 49c7 | c188 0200 | 004b 8b3c 
  0x000001bc002c73f8: 0848 8d7f | 014b 893c | 0848 8b94 | 24e8 0000 | 000f 84d3 

  0x000001bc002c740c: ;   {metadata(method data for {method} {0x000001bc520a4c58} 'defineClass' '(Ljava/lang/String;Ljdk/internal/loader/Resource;)Ljava/lang/Class;' in 'java/net/URLClassLoader')}
  0x000001bc002c740c: 0000 0049 | b8b8 6c3b | 52bc 0100 | 008b 5208 | 49ba 0000 | 000f bc01 | 0000 4903 | d249 3b90 
  0x000001bc002c742c: a802 0000 | 750d 4983 | 80b0 0200 | 0001 e960 | 0000 0049 | 3b90 b802 | 0000 750d | 4983 80c0 
  0x000001bc002c744c: 0200 0001 | e94a 0000 | 0049 83b8 | a802 0000 | 0075 1749 | 8990 a802 | 0000 49c7 | 80b0 0200 
  0x000001bc002c746c: 0001 0000 | 00e9 2900 | 0000 4983 | b8b8 0200 | 0000 7517 | 4989 90b8 | 0200 0049 | c780 c002 
  0x000001bc002c748c: 0000 0100 | 0000 e908 | 0000 0049 | 8380 9802 | 0000 014c | 8b84 2400 | 0100 004c | 8bc8 488b 
  0x000001bc002c74ac: bc24 f800 | 0000 488b | 9424 e800 | 0000 0f1f 

  0x000001bc002c74bc: ;   {optimized virtual_call}
  0x000001bc002c74bc: 4400 00e8 

  0x000001bc002c74c0: ; ImmutableOopMap {[216]=Oop [224]=Oop [232]=Oop [248]=Oop [256]=Oop [280]=Oop }
                      ;*invokevirtual definePackage {reexecute=0 rethrow=0 return_oop=0}
                      ; - java.net.URLClassLoader::defineClass@64
  0x000001bc002c74c0: e915 0000 

  0x000001bc002c74c4: ;   {other}
  0x000001bc002c74c4: 0f1f 8400 | b40f 000b 

  0x000001bc002c74cc: ;   {metadata(method data for {method} {0x000001bc520a4c58} 'defineClass' '(Ljava/lang/String;Ljdk/internal/loader/Resource;)Ljava/lang/Class;' in 'java/net/URLClassLoader')}
  0x000001bc002c74cc: 49b8 b86c | 3b52 bc01 | 0000 41ff | 80d0 0200 | 00e9 f200 

  0x000001bc002c74e0: ;   {metadata(method data for {method} {0x000001bc520a4c58} 'defineClass' '(Ljava/lang/String;Ljdk/internal/loader/Resource;)Ljava/lang/Class;' in 'java/net/URLClassLoader')}
  0x000001bc002c74e0: 0000 49b8 | b86c 3b52 | bc01 0000 | 8b52 0849 | ba00 0000 | 0fbc 0100 | 0049 03d2 | 493b 90f8 
  0x000001bc002c7500: 0200 0075 | 0d49 8380 | 0003 0000 | 01e9 6000 | 0000 493b | 9008 0300 | 0075 0d49 | 8380 1003 
  0x000001bc002c7520: 0000 01e9 | 4a00 0000 | 4983 b8f8 | 0200 0000 | 7517 4989 | 90f8 0200 | 0049 c780 | 0003 0000 
  0x000001bc002c7540: 0100 0000 | e929 0000 | 0049 83b8 | 0803 0000 | 0075 1749 | 8990 0803 | 0000 49c7 | 8010 0300 
  0x000001bc002c7560: 0001 0000 | 00e9 0800 | 0000 4983 | 80e8 0200 | 0001 4c8b | 8424 0001 

  0x000001bc002c7578: ;   {oop(nullptr)}
  0x000001bc002c7578: 0000 49b9 | 0000 0000 | 0000 0000 

  0x000001bc002c7584: ;   {oop(nullptr)}
  0x000001bc002c7584: 48bf 0000 | 0000 0000 

  0x000001bc002c758c: ;   {oop(nullptr)}
  0x000001bc002c758c: 0000 48be | 0000 0000 | 0000 0000 

  0x000001bc002c7598: ;   {oop(nullptr)}
  0x000001bc002c7598: 48b9 0000 | 0000 0000 | 0000 4d33 | d24c 8914 | 244d 33d2 | 4c89 5424 | 084d 33d2 | 4c89 5424 
  0x000001bc002c75b8: 1048 8b94 | 24e8 0000 | 0066 0f1f 

  0x000001bc002c75c4: ;   {optimized virtual_call}
  0x000001bc002c75c4: 4400 00e8 

  0x000001bc002c75c8: ; ImmutableOopMap {[216]=Oop [224]=Oop [232]=Oop [248]=Oop [256]=Oop [280]=Oop }
                      ;*invokevirtual definePackage {reexecute=0 rethrow=0 return_oop=0}
                      ; - java.net.URLClassLoader::defineClass@81
  0x000001bc002c75c8: b471 2b07 

  0x000001bc002c75cc: ;   {other}
  0x000001bc002c75cc: 0f1f 8400 | bc10 000c 

  0x000001bc002c75d4: ;   {metadata(method data for {method} {0x000001bc520a4c58} 'defineClass' '(Ljava/lang/String;Ljdk/internal/loader/Resource;)Ljava/lang/Class;' in 'java/net/URLClassLoader')}
  0x000001bc002c75d4: 48b8 b86c | 3b52 bc01 | 0000 ff80 | 2003 0000 | 4c8b 8c24 | e000 0000 | e99a 0000 | 004c 8b8c 
  0x000001bc002c75f4: 2418 0100 | 0049 8b87 | 0005 0000 | 4d33 d24d | 8997 0005 | 0000 4d33 | d24d 8997 | 0805 0000 
  0x000001bc002c7614: 488b 9424 | e800 0000 

  0x000001bc002c761c: ;   {metadata(method data for {method} {0x000001bc520a4c58} 'defineClass' '(Ljava/lang/String;Ljdk/internal/loader/Resource;)Ljava/lang/Class;' in 'java/net/URLClassLoader')}
  0x000001bc002c761c: 49b8 b86c | 3b52 bc01 | 0000 4983 | 8038 0300 | 0001 4c8b | 8424 0001 | 0000 488b | bc24 f800 
  0x000001bc002c763c: 0000 488b | 9424 e800 

  0x000001bc002c7644: ;   {optimized virtual_call}
  0x000001bc002c7644: 0000 90e8 

  0x000001bc002c7648: ; ImmutableOopMap {[216]=Oop [224]=Oop [232]=Oop [248]=Oop [256]=Oop }
                      ;*invokevirtual getAndVerifyPackage {reexecute=0 rethrow=0 return_oop=0}
                      ; - java.net.URLClassLoader::defineClass@97
  0x000001bc002c7648: 3471 2b07 

  0x000001bc002c764c: ;   {other}
  0x000001bc002c764c: 0f1f 8400 | 3c11 000d 

  0x000001bc002c7654: ;   {metadata(method data for {method} {0x000001bc520a4c58} 'defineClass' '(Ljava/lang/String;Ljdk/internal/loader/Resource;)Ljava/lang/Class;' in 'java/net/URLClassLoader')}
  0x000001bc002c7654: 4885 c048 | b8b8 6c3b | 52bc 0100 | 0049 c7c0 | 8003 0000 | 7407 49c7 | c070 0300 | 004a 8b14 
  0x000001bc002c7674: 0048 8d52 | 014a 8914 | 000f 8437 | 0b00 004c | 8b8c 24e0 | 0000 0049 

  0x000001bc002c768c: ;   {metadata(method data for {method} {0x000001bc520a4c58} 'defineClass' '(Ljava/lang/String;Ljdk/internal/loader/Resource;)Ljava/lang/Class;' in 'java/net/URLClassLoader')}
  0x000001bc002c768c: 8bc1 49b8 | b86c 3b52 | bc01 0000 | 8b40 0849 | ba00 0000 | 0fbc 0100 | 0049 03c2 | 493b 8068 
  0x000001bc002c76ac: 0400 0075 | 0d49 8380 | 7004 0000 | 01e9 6000 | 0000 493b | 8078 0400 | 0075 0d49 | 8380 8004 
  0x000001bc002c76cc: 0000 01e9 | 4a00 0000 | 4983 b868 | 0400 0000 | 7517 4989 | 8068 0400 | 0049 c780 | 7004 0000 
  0x000001bc002c76ec: 0100 0000 | e929 0000 | 0049 83b8 | 7804 0000 | 0075 1749 | 8980 7804 | 0000 49c7 | 8080 0400 
  0x000001bc002c770c: 0001 0000 | 00e9 0800 | 0000 4983 | 8058 0400 

  0x000001bc002c771c: ;   {metadata(method data for {method} {0x000001bc0f16ff28} 'getByteBuffer' '()Ljava/nio/ByteBuffer;' in 'jdk/internal/loader/Resource')}
  0x000001bc002c771c: 0001 48b8 | a888 3b52 | bc01 0000 | 448b 80cc | 0000 0041 | 83c0 0244 | 8980 cc00 | 0000 4181 
  0x000001bc002c773c: e0fe ff1f | 0045 85c0 | 0f84 6910 | 0000 498b 

  0x000001bc002c774c: ;   {metadata(method data for {method} {0x000001bc0f16ff28} 'getByteBuffer' '()Ljava/nio/ByteBuffer;' in 'jdk/internal/loader/Resource')}
  0x000001bc002c774c: c149 b8a8 | 883b 52bc | 0100 0049 | 8380 1001 | 0000 014c | 8d84 2458 | 0100 004d | 8948 0849 
  0x000001bc002c776c: 8b01 4883 | c801 4989 | 00f0 4d0f | b101 0f84 | 1200 0000 | 482b c448 | 2507 f0ff | ff49 8900 
  0x000001bc002c778c: 0f85 4210 | 0000 49ff | 8750 0500 

  0x000001bc002c7798: ;   {metadata(method data for {method} {0x000001bc0f1701e8} 'cachedInputStream' '()Ljava/io/InputStream;' in 'jdk/internal/loader/Resource')}
  0x000001bc002c7798: 0049 b878 | 2532 52bc | 0100 0041 | 8b90 cc00 | 0000 83c2 | 0241 8990 | cc00 0000 | 81e2 feff 
  0x000001bc002c77b8: 1f00 85d2 | 0f84 2510 | 0000 458b | 410c 4d85 

  0x000001bc002c77c8: ;   {metadata(method data for {method} {0x000001bc0f1701e8} 'cachedInputStream' '()Ljava/io/InputStream;' in 'jdk/internal/loader/Resource')}
  0x000001bc002c77c8: c049 b878 | 2532 52bc | 0100 0048 | c7c2 1001 | 0000 7507 | 48c7 c220 | 0100 0049 | 8b34 1048 
  0x000001bc002c77e8: 8d76 0149 | 8934 100f | 8513 0100 | 004d 8bc1 

  0x000001bc002c77f8: ;   {metadata(method data for {method} {0x000001bc0f1701e8} 'cachedInputStream' '()Ljava/io/InputStream;' in 'jdk/internal/loader/Resource')}
  0x000001bc002c77f8: 48ba 7825 | 3252 bc01 | 0000 4883 | 8248 0100 

  0x000001bc002c7808: ;   {metadata(method data for {method} {0x000001bc0f212918} 'getInputStream' '()Ljava/io/InputStream;' in 'jdk/internal/loader/URLClassPath$JarLoader$2')}
  0x000001bc002c7808: 0001 49b8 | 2027 3252 | bc01 0000 | 418b 90cc | 0000 0083 | c202 4189 | 90cc 0000 | 0081 e2fe 
  0x000001bc002c7828: ff1f 0085 | d20f 84d5 | 0f00 0045 | 8b41 2041 | 8b50 1845 | 8b41 1c48 | 3b02 488b 

  0x000001bc002c7844: ;   {metadata(method data for {method} {0x000001bc0f212918} 'getInputStream' '()Ljava/io/InputStream;' in 'jdk/internal/loader/URLClassPath$JarLoader$2')}
  0x000001bc002c7844: f248 bf20 | 2732 52bc | 0100 008b | 7608 49ba | 0000 000f | bc01 0000 | 4903 f248 | 3bb7 2001 
  0x000001bc002c7864: 0000 750d | 4883 8728 | 0100 0001 | e960 0000 | 0048 3bb7 | 3001 0000 | 750d 4883 | 8738 0100 
  0x000001bc002c7884: 0001 e94a | 0000 0048 | 83bf 2001 | 0000 0075 | 1748 89b7 | 2001 0000 | 48c7 8728 | 0100 0001 
  0x000001bc002c78a4: 0000 00e9 | 2900 0000 | 4883 bf30 | 0100 0000 | 7517 4889 | b730 0100 | 0048 c787 | 3801 0000 
  0x000001bc002c78c4: 0100 0000 | e908 0000 | 0048 8387 | 1001 0000 

  0x000001bc002c78d4: ;   {optimized virtual_call}
  0x000001bc002c78d4: 0166 90e8 

  0x000001bc002c78d8: ; ImmutableOopMap {[216]=Oop [224]=Oop [232]=Oop [248]=Oop [352]=Oop }
                      ;*invokevirtual getInputStream {reexecute=0 rethrow=0 return_oop=0}
                      ; - jdk.internal.loader.URLClassPath$JarLoader$2::getInputStream@11
                      ; - jdk.internal.loader.Resource::cachedInputStream@9
                      ; - jdk.internal.loader.Resource::getByteBuffer@1
                      ; - java.net.URLClassLoader::defineClass@132
  0x000001bc002c78d8: 44fd f9ff 

  0x000001bc002c78dc: ;   {other}
  0x000001bc002c78dc: 0f1f 8400 | cc13 000e | 4c8b 8c24 | e000 0000 | 4c8b d045 | 8951 0c49 | 8d01 48c1 | e809 48ba 
  0x000001bc002c78fc: 0000 3977 | bc01 0000 | c604 1000 | 418b 510c | 488d 8424 | 5801 0000 | 488b 3048 | 85f6 0f84 
  0x000001bc002c791c: 0f00 0000 | 488b 7808 | f048 0fb1 | 370f 8504 | 0f00 0049 | ff8f 5005 | 0000 4885 

  0x000001bc002c7938: ;   {metadata(method data for {method} {0x000001bc0f16ff28} 'getByteBuffer' '()Ljava/nio/ByteBuffer;' in 'jdk/internal/loader/Resource')}
  0x000001bc002c7938: d275 1648 | bba8 883b | 52bc 0100 | 0080 8b41 | 0100 0001 | e9e7 0000 

  0x000001bc002c7950: ;   {metadata('sun/nio/ByteBuffered')}
  0x000001bc002c7950: 0048 b888 | 3236 0fbc | 0100 008b | 5a08 49ba | 0000 000f | bc01 0000 | 4903 da48 | 3b43 200f 
  0x000001bc002c7970: 841a 0000 | 0048 3bd8 | 0f84 1100 | 0000 5350 

  0x000001bc002c7980: ;   {runtime_call slow_subtype_check Runtime1 stub}
  0x000001bc002c7980: e87b a336 | 075b 5b85 | db0f 848d 

  0x000001bc002c798c: ;   {metadata(method data for {method} {0x000001bc0f16ff28} 'getByteBuffer' '()Ljava/nio/ByteBuffer;' in 'jdk/internal/loader/Resource')}
  0x000001bc002c798c: 0000 0048 | bba8 883b | 52bc 0100 | 008b 4208 | 49ba 0000 | 000f bc01 | 0000 4903 | c248 3b83 
  0x000001bc002c79ac: 5801 0000 | 750d 4883 | 8360 0100 | 0001 e97e | 0000 0048 | 3b83 6801 | 0000 750d | 4883 8370 
  0x000001bc002c79cc: 0100 0001 | e968 0000 | 0048 83bb | 5801 0000 | 0075 1748 | 8983 5801 | 0000 48c7 | 8360 0100 
  0x000001bc002c79ec: 0001 0000 | 00e9 4700 | 0000 4883 | bb68 0100 | 0000 7517 | 4889 8368 | 0100 0048 | c783 7001 
  0x000001bc002c7a0c: 0000 0100 | 0000 e926 | 0000 00e9 | 2100 0000 

  0x000001bc002c7a1c: ;   {metadata(method data for {method} {0x000001bc0f16ff28} 'getByteBuffer' '()Ljava/nio/ByteBuffer;' in 'jdk/internal/loader/Resource')}
  0x000001bc002c7a1c: 48bb a888 | 3b52 bc01 | 0000 4883 | ab48 0100 | 0001 e905 | 0000 00e9 | 0500 0000 | 4833 f6eb 
  0x000001bc002c7a3c: 0748 c7c6 | 0100 0000 

  0x000001bc002c7a44: ;   {metadata(method data for {method} {0x000001bc0f16ff28} 'getByteBuffer' '()Ljava/nio/ByteBuffer;' in 'jdk/internal/loader/Resource')}
  0x000001bc002c7a44: 85f6 48be | a888 3b52 | bc01 0000 | 48c7 c780 | 0100 0074 | 0748 c7c7 | 9001 0000 | 488b 1c3e 
  0x000001bc002c7a64: 488d 5b01 | 4889 1c3e | 0f84 b701 | 0000 4885 

  0x000001bc002c7a74: ;   {metadata(method data for {method} {0x000001bc0f16ff28} 'getByteBuffer' '()Ljava/nio/ByteBuffer;' in 'jdk/internal/loader/Resource')}
  0x000001bc002c7a74: d275 1648 | bfa8 883b | 52bc 0100 | 0080 8f99 | 0100 0001 | e9e7 0000 

  0x000001bc002c7a8c: ;   {metadata('sun/nio/ByteBuffered')}
  0x000001bc002c7a8c: 0048 bb88 | 3236 0fbc | 0100 008b | 7a08 49ba | 0000 000f | bc01 0000 | 4903 fa48 | 3b5f 200f 
  0x000001bc002c7aac: 841a 0000 | 0048 3bfb | 0f84 1100 | 0000 5753 

  0x000001bc002c7abc: ;   {runtime_call slow_subtype_check Runtime1 stub}
  0x000001bc002c7abc: e83f a236 | 075f 5f85 | ff0f 848d 

  0x000001bc002c7ac8: ;   {metadata(method data for {method} {0x000001bc0f16ff28} 'getByteBuffer' '()Ljava/nio/ByteBuffer;' in 'jdk/internal/loader/Resource')}
  0x000001bc002c7ac8: 0000 0048 | bfa8 883b | 52bc 0100 | 008b 5a08 | 49ba 0000 | 000f bc01 | 0000 4903 | da48 3b9f 
  0x000001bc002c7ae8: b001 0000 | 750d 4883 | 87b8 0100 | 0001 e979 | 0000 0048 | 3b9f c001 | 0000 750d | 4883 87c8 
  0x000001bc002c7b08: 0100 0001 | e963 0000 | 0048 83bf | b001 0000 | 0075 1748 | 899f b001 | 0000 48c7 | 87b8 0100 
  0x000001bc002c7b28: 0001 0000 | 00e9 4200 | 0000 4883 | bfc0 0100 | 0000 7517 | 4889 9fc0 | 0100 0048 | c787 c801 
  0x000001bc002c7b48: 0000 0100 | 0000 e921 | 0000 00e9 | 1c00 0000 

  0x000001bc002c7b58: ;   {metadata(method data for {method} {0x000001bc0f16ff28} 'getByteBuffer' '()Ljava/nio/ByteBuffer;' in 'jdk/internal/loader/Resource')}
  0x000001bc002c7b58: 48bf a888 | 3b52 bc01 | 0000 4883 | afa0 0100 | 0001 e9da | 0c00 00e9 | 0000 0000 

  0x000001bc002c7b74: ; implicit exception: dispatches to 0x000001bc002c8852
  0x000001bc002c7b74: 483b 0248 

  0x000001bc002c7b78: ;   {metadata(method data for {method} {0x000001bc0f16ff28} 'getByteBuffer' '()Ljava/nio/ByteBuffer;' in 'jdk/internal/loader/Resource')}
  0x000001bc002c7b78: 8bf2 48bf | a888 3b52 | bc01 0000 | 8b76 0849 | ba00 0000 | 0fbc 0100 | 0049 03f2 | 483b b7e8 
  0x000001bc002c7b98: 0100 0075 | 0d48 8387 | f001 0000 | 01e9 6000 | 0000 483b | b7f8 0100 | 0075 0d48 | 8387 0002 
  0x000001bc002c7bb8: 0000 01e9 | 4a00 0000 | 4883 bfe8 | 0100 0000 | 7517 4889 | b7e8 0100 | 0048 c787 | f001 0000 
  0x000001bc002c7bd8: 0100 0000 | e929 0000 | 0048 83bf | f801 0000 | 0075 1748 | 89b7 f801 | 0000 48c7 | 8700 0200 
  0x000001bc002c7bf8: 0001 0000 | 00e9 0800 | 0000 4883 | 87d8 0100 | 0001 6666 | 9048 b8ff | ffff ffff 

  0x000001bc002c7c14: ;   {virtual_call}
  0x000001bc002c7c14: ffff ffe8 

  0x000001bc002c7c18: ; ImmutableOopMap {[216]=Oop [224]=Oop [232]=Oop [248]=Oop }
                      ;*invokeinterface getByteBuffer {reexecute=0 rethrow=0 return_oop=0}
                      ; - jdk.internal.loader.Resource::getByteBuffer@16
                      ; - java.net.URLClassLoader::defineClass@132
  0x000001bc002c7c18: 646e 2b07 

  0x000001bc002c7c1c: ;   {other}
  0x000001bc002c7c1c: 0f1f 8400 | 0c17 000f | e90a 0000 

  0x000001bc002c7c28: ;   {oop(nullptr)}
  0x000001bc002c7c28: 0048 b800 | 0000 0000 | 0000 0048 

  0x000001bc002c7c34: ;   {metadata(method data for {method} {0x000001bc520a4c58} 'defineClass' '(Ljava/lang/String;Ljdk/internal/loader/Resource;)Ljava/lang/Class;' in 'java/net/URLClassLoader')}
  0x000001bc002c7c34: 85c0 48ba | b86c 3b52 | bc01 0000 | 48c7 c690 | 0400 0074 | 0748 c7c6 | a004 0000 | 488b 3c32 
  0x000001bc002c7c54: 488d 7f01 | 4889 3c32 | 0f84 8002 | 0000 4889 | 8424 2001 | 0000 4c8b | 8c24 e000 | 0000 498b 
  0x000001bc002c7c74: ;   {metadata(method data for {method} {0x000001bc520a4c58} 'defineClass' '(Ljava/lang/String;Ljdk/internal/loader/Resource;)Ljava/lang/Class;' in 'java/net/URLClassLoader')}
  0x000001bc002c7c74: d148 beb8 | 6c3b 52bc 

  0x000001bc002c7c7c: ;   {metadata('jdk/internal/loader/URLClassPath$JarLoader$2')}
  0x000001bc002c7c7c: 0100 0049 | bad8 2121 | 0fbc 0100 | 004c 8996 | c004 0000 | 4883 86c8 | 0400 0001 

  0x000001bc002c7c98: ;   {metadata(method data for {method} {0x000001bc0f212a20} 'getCodeSigners' '()[Ljava/security/CodeSigner;' in 'jdk/internal/loader/URLClassPath$JarLoader$2')}
  0x000001bc002c7c98: 48ba f88a | 3b52 bc01 | 0000 8bb2 | cc00 0000 | 83c6 0289 | b2cc 0000 | 0081 e6fe | ff1f 0085 
  0x000001bc002c7cb8: f60f 8498 | 0b00 0041 | 8b51 1c48 | 3b02 488b 

  0x000001bc002c7cc8: ;   {metadata(method data for {method} {0x000001bc0f212a20} 'getCodeSigners' '()[Ljava/security/CodeSigner;' in 'jdk/internal/loader/URLClassPath$JarLoader$2')}
  0x000001bc002c7cc8: f248 bff8 | 8a3b 52bc | 0100 008b | 7608 49ba | 0000 000f | bc01 0000 | 4903 f248 | 3bb7 2001 
  0x000001bc002c7ce8: 0000 750d | 4883 8728 | 0100 0001 | e960 0000 | 0048 3bb7 | 3001 0000 | 750d 4883 | 8738 0100 
  0x000001bc002c7d08: 0001 e94a | 0000 0048 | 83bf 2001 | 0000 0075 | 1748 89b7 | 2001 0000 | 48c7 8728 | 0100 0001 
  0x000001bc002c7d28: 0000 00e9 | 2900 0000 | 4883 bf30 | 0100 0000 | 7517 4889 | b730 0100 | 0048 c787 | 3801 0000 
  0x000001bc002c7d48: 0100 0000 | e908 0000 | 0048 8387 | 1001 0000 | 010f 1f40 | 0048 b8ff | ffff ffff 

  0x000001bc002c7d64: ;   {virtual_call}
  0x000001bc002c7d64: ffff ffe8 

  0x000001bc002c7d68: ; ImmutableOopMap {[216]=Oop [232]=Oop [248]=Oop [288]=Oop }
                      ;*invokevirtual getCodeSigners {reexecute=0 rethrow=0 return_oop=0}
                      ; - jdk.internal.loader.URLClassPath$JarLoader$2::getCodeSigners@4
                      ; - java.net.URLClassLoader::defineClass@143
  0x000001bc002c7d68: 146d 2b07 

  0x000001bc002c7d6c: ;   {other}
  0x000001bc002c7d6c: 0f1f 8400 | 5c18 0010 

  0x000001bc002c7d74: ;   {metadata('java/security/CodeSource')}
  0x000001bc002c7d74: 4c8b c848 | ba28 5c00 | 0fbc 0100 | 0049 8b87 | b801 0000 | 488d 7828 | 493b bfc8 | 0100 000f 
  0x000001bc002c7d94: 87e4 0a00 | 0049 89bf | b801 0000 | 48c7 0001 | 0000 0048 | 8bca 49ba | 0000 000f | bc01 0000 
  0x000001bc002c7db4: 492b ca89 | 4808 4833 | c989 480c | 4833 c948 | 8948 1048 | 8948 1848 | 8948 204c 

  0x000001bc002c7dd0: ;   {metadata(method data for {method} {0x000001bc520a4c58} 'defineClass' '(Ljava/lang/String;Ljdk/internal/loader/Resource;)Ljava/lang/Class;' in 'java/net/URLClassLoader')}
  0x000001bc002c7dd0: 8bc0 48ba | b86c 3b52 | bc01 0000 | 4883 82e8 | 0400 0001 | 4c8b 8424 | f800 0000 | 488b d048 
  0x000001bc002c7df0: 8984 2428 

  0x000001bc002c7df4: ;   {optimized virtual_call}
  0x000001bc002c7df4: 0100 00e8 

  0x000001bc002c7df8: ; ImmutableOopMap {[216]=Oop [232]=Oop [288]=Oop [296]=Oop }
                      ;*invokespecial <init> {reexecute=0 rethrow=0 return_oop=0}
                      ; - java.net.URLClassLoader::defineClass@156
  0x000001bc002c7df8: 8469 2b07 

  0x000001bc002c7dfc: ;   {other}
  0x000001bc002c7dfc: 0f1f 8400 | ec18 0011 

  0x000001bc002c7e04: ;   {metadata(method data for {method} {0x000001bc520a4c58} 'defineClass' '(Ljava/lang/String;Ljdk/internal/loader/Resource;)Ljava/lang/Class;' in 'java/net/URLClassLoader')}
  0x000001bc002c7e04: 49b8 b86c | 3b52 bc01 | 0000 4983 | 80f8 0400 

  0x000001bc002c7e14: ;   {metadata(method data for {method} {0x000001bc0f1042a8} 'getReadClassBytesTime' '()Ljdk/internal/perf/PerfCounter;' in 'jdk/internal/perf/PerfCounter')}
  0x000001bc002c7e14: 0001 49b8 | b08e 3b52 | bc01 0000 | 418b 90cc | 0000 0083 | c202 4189 | 90cc 0000 | 0081 e2fe 
  0x000001bc002c7e34: ff1f 0085 | d20f 844b 

  0x000001bc002c7e3c: ;   {oop(a 'jdk/internal/perf/PerfCounter'{0x0000000080005498})}
  0x000001bc002c7e3c: 0a00 0048 | ba98 5400 | 8000 0000 | 004c 8bc2 

  0x000001bc002c7e4c: ;   {metadata(method data for {method} {0x000001bc520a4c58} 'defineClass' '(Ljava/lang/String;Ljdk/internal/loader/Resource;)Ljava/lang/Class;' in 'java/net/URLClassLoader')}
  0x000001bc002c7e4c: 48be b86c | 3b52 bc01 

  0x000001bc002c7e54: ;   {metadata('jdk/internal/perf/PerfCounter')}
  0x000001bc002c7e54: 0000 49ba | 6036 100f | bc01 0000 | 4c89 9618 | 0500 0048 | 8386 2005 | 0000 014c | 8b84 24f0 
  0x000001bc002c7e74: ;   {optimized virtual_call}
  0x000001bc002c7e74: 0000 00e8 

  0x000001bc002c7e78: ; ImmutableOopMap {[216]=Oop [232]=Oop [288]=Oop [296]=Oop }
                      ;*invokevirtual addElapsedTimeFrom {reexecute=0 rethrow=0 return_oop=0}
                      ; - java.net.URLClassLoader::defineClass@165
  0x000001bc002c7e78: 0469 2b07 

  0x000001bc002c7e7c: ;   {other}
  0x000001bc002c7e7c: 0f1f 8400 | 6c19 0012 | 488b 9424 | e800 0000 

  0x000001bc002c7e8c: ;   {metadata(method data for {method} {0x000001bc520a4c58} 'defineClass' '(Ljava/lang/String;Ljdk/internal/loader/Resource;)Ljava/lang/Class;' in 'java/net/URLClassLoader')}
  0x000001bc002c7e8c: 49b8 b86c | 3b52 bc01 | 0000 4983 | 8040 0500 | 0001 4c8b | 8424 d800 | 0000 4c8b | 8c24 2001 
  0x000001bc002c7eac: 0000 488b | bc24 2801 | 0000 488b | 9424 e800 

  0x000001bc002c7ebc: ;   {optimized virtual_call}
  0x000001bc002c7ebc: 0000 90e8 

  0x000001bc002c7ec0: ; ImmutableOopMap {}
                      ;*invokevirtual defineClass {reexecute=0 rethrow=0 return_oop=0}
                      ; - java.net.URLClassLoader::defineClass@174
  0x000001bc002c7ec0: bc68 2b07 

  0x000001bc002c7ec4: ;   {other}
  0x000001bc002c7ec4: 0f1f 8400 | b419 0013 | 4881 c470 | 0100 005d 

  0x000001bc002c7ed4: ;   {poll_return}
  0x000001bc002c7ed4: 493b a750 | 0400 000f | 87ca 0900 | 00c3 4c8b | 8c24 e000 | 0000 498b 

  0x000001bc002c7eec: ;   {metadata(method data for {method} {0x000001bc520a4c58} 'defineClass' '(Ljava/lang/String;Ljdk/internal/loader/Resource;)Ljava/lang/Class;' in 'java/net/URLClassLoader')}
  0x000001bc002c7eec: f948 bbb8 | 6c3b 52bc 

  0x000001bc002c7ef4: ;   {metadata('jdk/internal/loader/URLClassPath$JarLoader$2')}
  0x000001bc002c7ef4: 0100 0049 | bad8 2121 | 0fbc 0100 | 004c 8993 | 8805 0000 | 4883 8390 | 0500 0001 | 498b d10f 
  0x000001bc002c7f14: ;   {optimized virtual_call}
  0x000001bc002c7f14: 1f40 00e8 

  0x000001bc002c7f18: ; ImmutableOopMap {[216]=Oop [224]=Oop [232]=Oop [248]=Oop }
                      ;*invokevirtual getBytes {reexecute=0 rethrow=0 return_oop=0}
                      ; - java.net.URLClassLoader::defineClass@179
  0x000001bc002c7f18: 247b 0400 

  0x000001bc002c7f1c: ;   {other}
  0x000001bc002c7f1c: 0f1f 8400 | 0c1a 0014 | 4c8b 8c24 | e000 0000 

  0x000001bc002c7f2c: ;   {metadata(method data for {method} {0x000001bc520a4c58} 'defineClass' '(Ljava/lang/String;Ljdk/internal/loader/Resource;)Ljava/lang/Class;' in 'java/net/URLClassLoader')}
  0x000001bc002c7f2c: 48ba b86c | 3b52 bc01 

  0x000001bc002c7f34: ;   {metadata('jdk/internal/loader/URLClassPath$JarLoader$2')}
  0x000001bc002c7f34: 0000 49ba | d821 210f | bc01 0000 | 4c89 92c0 | 0500 0048 | 8382 c805 

  0x000001bc002c7f4c: ;   {metadata(method data for {method} {0x000001bc0f212a20} 'getCodeSigners' '()[Ljava/security/CodeSigner;' in 'jdk/internal/loader/URLClassPath$JarLoader$2')}
  0x000001bc002c7f4c: 0000 0148 | baf8 8a3b | 52bc 0100 | 008b b2cc | 0000 0083 | c602 89b2 | cc00 0000 | 81e6 feff 
  0x000001bc002c7f6c: 1f00 85f6 | 0f84 4b09 | 0000 4c8b | 8c24 e000 | 0000 418b | 511c 483b | 0248 8bf2 

  0x000001bc002c7f88: ;   {metadata(method data for {method} {0x000001bc0f212a20} 'getCodeSigners' '()[Ljava/security/CodeSigner;' in 'jdk/internal/loader/URLClassPath$JarLoader$2')}
  0x000001bc002c7f88: 48bf f88a | 3b52 bc01 | 0000 8b76 | 0849 ba00 | 0000 0fbc | 0100 0049 | 03f2 483b | b720 0100 
  0x000001bc002c7fa8: 0075 0d48 | 8387 2801 | 0000 01e9 | 6000 0000 | 483b b730 | 0100 0075 | 0d48 8387 | 3801 0000 
  0x000001bc002c7fc8: 01e9 4a00 | 0000 4883 | bf20 0100 | 0000 7517 | 4889 b720 | 0100 0048 | c787 2801 | 0000 0100 
  0x000001bc002c7fe8: 0000 e929 | 0000 0048 | 83bf 3001 | 0000 0075 | 1748 89b7 | 3001 0000 | 48c7 8738 | 0100 0001 
  0x000001bc002c8008: 0000 00e9 | 0800 0000 | 4883 8710 | 0100 0001 | 4889 8424 | 3001 0000 | 0f1f 4400 | 0048 b848 
  0x000001bc002c8028: 3231 0fbc 

  0x000001bc002c802c: ;   {virtual_call}
  0x000001bc002c802c: 0100 00e8 

  0x000001bc002c8030: ; ImmutableOopMap {[216]=Oop [232]=Oop [248]=Oop [304]=Oop }
                      ;*invokevirtual getCodeSigners {reexecute=0 rethrow=0 return_oop=0}
                      ; - jdk.internal.loader.URLClassPath$JarLoader$2::getCodeSigners@4
                      ; - java.net.URLClassLoader::defineClass@185
  0x000001bc002c8030: 0c17 0400 

  0x000001bc002c8034: ;   {other}
  0x000001bc002c8034: 0f1f 8400 | 241b 0015 

  0x000001bc002c803c: ;   {metadata('java/security/CodeSource')}
  0x000001bc002c803c: 4c8b c848 | ba28 5c00 | 0fbc 0100 | 0049 8b87 | b801 0000 | 488d 7828 | 493b bfc8 | 0100 000f 
  0x000001bc002c805c: 8786 0800 | 0049 89bf | b801 0000 | 48c7 0001 | 0000 0048 | 8bca 49ba | 0000 000f | bc01 0000 
  0x000001bc002c807c: 492b ca89 | 4808 4833 | c989 480c | 4833 c948 | 8948 1048 | 8948 1848 | 8948 204c 

  0x000001bc002c8098: ;   {metadata(method data for {method} {0x000001bc520a4c58} 'defineClass' '(Ljava/lang/String;Ljdk/internal/loader/Resource;)Ljava/lang/Class;' in 'java/net/URLClassLoader')}
  0x000001bc002c8098: 8bc0 48ba | b86c 3b52 | bc01 0000 | 4883 82e8 | 0500 0001 | 4c8b 8424 | f800 0000 | 488b d048 
  0x000001bc002c80b8: 8984 2438 

  0x000001bc002c80bc: ;   {optimized virtual_call}
  0x000001bc002c80bc: 0100 00e8 

  0x000001bc002c80c0: ; ImmutableOopMap {[216]=Oop [232]=Oop [304]=Oop [312]=Oop }
                      ;*invokespecial <init> {reexecute=0 rethrow=0 return_oop=0}
                      ; - java.net.URLClassLoader::defineClass@198
  0x000001bc002c80c0: bc71 0400 

  0x000001bc002c80c4: ;   {other}
  0x000001bc002c80c4: 0f1f 8400 | b41b 0016 

  0x000001bc002c80cc: ;   {metadata(method data for {method} {0x000001bc520a4c58} 'defineClass' '(Ljava/lang/String;Ljdk/internal/loader/Resource;)Ljava/lang/Class;' in 'java/net/URLClassLoader')}
  0x000001bc002c80cc: 49b8 b86c | 3b52 bc01 | 0000 4983 | 80f8 0500 

  0x000001bc002c80dc: ;   {metadata(method data for {method} {0x000001bc0f1042a8} 'getReadClassBytesTime' '()Ljdk/internal/perf/PerfCounter;' in 'jdk/internal/perf/PerfCounter')}
  0x000001bc002c80dc: 0001 49b8 | b08e 3b52 | bc01 0000 | 418b 90cc | 0000 0083 | c202 4189 | 90cc 0000 | 0081 e2fe 
  0x000001bc002c80fc: ff1f 0085 | d20f 84ed 

  0x000001bc002c8104: ;   {oop(a 'jdk/internal/perf/PerfCounter'{0x0000000080005498})}
  0x000001bc002c8104: 0700 0048 | ba98 5400 | 8000 0000 | 004c 8bc2 

  0x000001bc002c8114: ;   {metadata(method data for {method} {0x000001bc520a4c58} 'defineClass' '(Ljava/lang/String;Ljdk/internal/loader/Resource;)Ljava/lang/Class;' in 'java/net/URLClassLoader')}
  0x000001bc002c8114: 48be b86c | 3b52 bc01 

  0x000001bc002c811c: ;   {metadata('jdk/internal/perf/PerfCounter')}
  0x000001bc002c811c: 0000 49ba | 6036 100f | bc01 0000 | 4c89 9618 | 0600 0048 | 8386 2006 | 0000 014c | 8b84 24f0 
  0x000001bc002c813c: ;   {optimized virtual_call}
  0x000001bc002c813c: 0000 00e8 

  0x000001bc002c8140: ; ImmutableOopMap {[216]=Oop [232]=Oop [304]=Oop [312]=Oop }
                      ;*invokevirtual addElapsedTimeFrom {reexecute=0 rethrow=0 return_oop=0}
                      ; - java.net.URLClassLoader::defineClass@207
  0x000001bc002c8140: 1c38 f5ff 

  0x000001bc002c8144: ;   {other}
  0x000001bc002c8144: 0f1f 8400 | 341c 0017 | 488b 8424 | 3001 0000 

  0x000001bc002c8154: ; implicit exception: dispatches to 0x000001bc002c8915
  0x000001bc002c8154: 8b70 0c48 | 8b94 24e8 

  0x000001bc002c815c: ;   {metadata(method data for {method} {0x000001bc520a4c58} 'defineClass' '(Ljava/lang/String;Ljdk/internal/loader/Resource;)Ljava/lang/Class;' in 'java/net/URLClassLoader')}
  0x000001bc002c815c: 0000 0049 | b8b8 6c3b | 52bc 0100 | 0049 8380 | 4006 0000 | 014c 8b84 | 24d8 0000 | 004c 8bc8 
  0x000001bc002c817c: bf00 0000 | 0048 8b8c | 2438 0100 | 0048 8b94 | 24e8 0000 | 0066 0f1f 

  0x000001bc002c8194: ;   {optimized virtual_call}
  0x000001bc002c8194: 4400 00e8 

  0x000001bc002c8198: ; ImmutableOopMap {}
                      ;*invokevirtual defineClass {reexecute=0 rethrow=0 return_oop=0}
                      ; - java.net.URLClassLoader::defineClass@220
  0x000001bc002c8198: c482 0400 

  0x000001bc002c819c: ;   {other}
  0x000001bc002c819c: 0f1f 8400 | 8c1c 0018 | 4881 c470 | 0100 005d 

  0x000001bc002c81ac: ;   {poll_return}
  0x000001bc002c81ac: 493b a750 | 0400 000f | 8761 0700 | 00c3 660f | 1f44 0000 

  0x000001bc002c81c0: ;   {no_reloc}
  0x000001bc002c81c0: e97a 0700 | 0000 0000 | 0000 80ba | 3101 0000 | 040f 8577 | 0700 0049 | 8b87 b801 | 0000 488d 
  0x000001bc002c81e0: 7828 493b | bfc8 0100 | 000f 875f | 0700 0049 | 89bf b801 | 0000 48c7 | 0001 0000 | 0048 8bca 
  0x000001bc002c8200: 49ba 0000 | 000f bc01 | 0000 492b | ca89 4808 | 4833 c989 | 480c 4833 | c948 8948 | 1048 8948 
  0x000001bc002c8220: 1848 8948 | 2066 6690 

  0x000001bc002c8228: ;   {no_reloc}
  0x000001bc002c8228: e93d 0700 | 0000 0000 | 0000 4889 | 8424 4801 | 0000 498b | 87b8 0100 | 0048 8d78 | 1849 3bbf 
  0x000001bc002c8248: c801 0000 | 0f87 2207 | 0000 4989 | bfb8 0100 | 0048 c700 | 0100 0000 | 488b ca49 | ba00 0000 
  0x000001bc002c8268: 0fbc 0100 | 0049 2bca | 8948 0848 | 33c9 8948 | 0c48 33c9 | 4889 4810 

  0x000001bc002c8280: ;   {metadata(method data for {method} {0x000001bc520a4c58} 'defineClass' '(Ljava/lang/String;Ljdk/internal/loader/Resource;)Ljava/lang/Class;' in 'java/net/URLClassLoader')}
  0x000001bc002c8280: 4c8b c048 | bab8 6c3b | 52bc 0100 | 0048 8382 | 9003 0000 

  0x000001bc002c8294: ;   {metadata(method data for {method} {0x000001bc0f461cf8} '<init>' '()V' in 'java/lang/StringBuilder')}
  0x000001bc002c8294: 0149 b8d0 | bc00 52bc | 0100 0041 | 8b90 cc00 | 0000 83c2 | 0241 8990 | cc00 0000 | 81e2 feff 
  0x000001bc002c82b4: 1f00 85d2 | 0f84 c306 | 0000 4c8b 

  0x000001bc002c82c0: ;   {metadata(method data for {method} {0x000001bc0f461cf8} '<init>' '()V' in 'java/lang/StringBuilder')}
  0x000001bc002c82c0: c048 bad0 | bc00 52bc | 0100 0048 | 8382 1001 | 0000 0141 | b810 0000 | 0048 8bd0 | 4889 8424 
  0x000001bc002c82e0: 4001 0000 

  0x000001bc002c82e4: ;   {optimized virtual_call}
  0x000001bc002c82e4: 6666 90e8 

  0x000001bc002c82e8: ; ImmutableOopMap {[256]=Oop [320]=Oop [328]=Oop }
                      ;*invokespecial <init> {reexecute=0 rethrow=0 return_oop=0}
                      ; - java.lang.StringBuilder::<init>@3
                      ; - java.net.URLClassLoader::defineClass@111
  0x000001bc002c82e8: 9464 2b07 

  0x000001bc002c82ec: ;   {other}
  0x000001bc002c82ec: 0f1f 8400 | dc1d 0019 | 488b 8424 | 4001 0000 

  0x000001bc002c82fc: ;   {metadata(method data for {method} {0x000001bc520a4c58} 'defineClass' '(Ljava/lang/String;Ljdk/internal/loader/Resource;)Ljava/lang/Class;' in 'java/net/URLClassLoader')}
  0x000001bc002c82fc: 49b8 b86c | 3b52 bc01 | 0000 4983 | 80a0 0300 

  0x000001bc002c830c: ;   {metadata(method data for {method} {0x000001bc0f461ae8} 'append' '(Ljava/lang/String;)Ljava/lang/StringBuilder;' in 'java/lang/StringBuilder')}
  0x000001bc002c830c: 0001 49b8 | 80c0 0052 | bc01 0000 | 418b 90cc | 0000 0083 | c202 4189 | 90cc 0000 | 0081 e2fe 
  0x000001bc002c832c: ff1f 0085 | d20f 846b | 0600 0048 | 8b84 2440 

  0x000001bc002c833c: ;   {metadata(method data for {method} {0x000001bc0f461ae8} 'append' '(Ljava/lang/String;)Ljava/lang/StringBuilder;' in 'java/lang/StringBuilder')}
  0x000001bc002c833c: 0100 0049 | b880 c000 | 52bc 0100 | 0049 8380 | 1001 0000 

  0x000001bc002c8350: ;   {oop("Cannot find package "{0x0000000080005678})}
  0x000001bc002c8350: 0149 b878 | 5600 8000 | 0000 0048 | 8b94 2440 | 0100 000f 

  0x000001bc002c8364: ;   {optimized virtual_call}
  0x000001bc002c8364: 1f40 00e8 

  0x000001bc002c8368: ; ImmutableOopMap {[256]=Oop [320]=Oop [328]=Oop }
                      ;*invokespecial append {reexecute=0 rethrow=0 return_oop=0}
                      ; - java.lang.StringBuilder::append@2
                      ; - java.net.URLClassLoader::defineClass@116
  0x000001bc002c8368: 1464 2b07 

  0x000001bc002c836c: ;   {other}
  0x000001bc002c836c: 0f1f 8400 | 5c1e 001a | 488b 8424 | 4001 0000 

  0x000001bc002c837c: ;   {metadata(method data for {method} {0x000001bc520a4c58} 'defineClass' '(Ljava/lang/String;Ljdk/internal/loader/Resource;)Ljava/lang/Class;' in 'java/net/URLClassLoader')}
  0x000001bc002c837c: 49b8 b86c | 3b52 bc01 | 0000 4983 | 80d8 0300 

  0x000001bc002c838c: ;   {metadata(method data for {method} {0x000001bc0f461ae8} 'append' '(Ljava/lang/String;)Ljava/lang/StringBuilder;' in 'java/lang/StringBuilder')}
  0x000001bc002c838c: 0001 49b8 | 80c0 0052 | bc01 0000 | 418b 90cc | 0000 0083 | c202 4189 | 90cc 0000 | 0081 e2fe 
  0x000001bc002c83ac: ff1f 0085 | d20f 840c | 0600 0048 | 8b84 2440 

  0x000001bc002c83bc: ;   {metadata(method data for {method} {0x000001bc0f461ae8} 'append' '(Ljava/lang/String;)Ljava/lang/StringBuilder;' in 'java/lang/StringBuilder')}
  0x000001bc002c83bc: 0100 0049 | b880 c000 | 52bc 0100 | 0049 8380 | 1001 0000 | 014c 8b84 | 2400 0100 | 0048 8b94 
  0x000001bc002c83dc: 2440 0100 | 0066 0f1f 

  0x000001bc002c83e4: ;   {optimized virtual_call}
  0x000001bc002c83e4: 4400 00e8 

  0x000001bc002c83e8: ; ImmutableOopMap {[320]=Oop [328]=Oop }
                      ;*invokespecial append {reexecute=0 rethrow=0 return_oop=0}
                      ; - java.lang.StringBuilder::append@2
                      ; - java.net.URLClassLoader::defineClass@121
  0x000001bc002c83e8: 9463 2b07 

  0x000001bc002c83ec: ;   {other}
  0x000001bc002c83ec: 0f1f 8400 | dc1e 001b | 488b 8424 | 4001 0000 

  0x000001bc002c83fc: ;   {metadata(method data for {method} {0x000001bc520a4c58} 'defineClass' '(Ljava/lang/String;Ljdk/internal/loader/Resource;)Ljava/lang/Class;' in 'java/net/URLClassLoader')}
  0x000001bc002c83fc: 48ba b86c | 3b52 bc01 | 0000 4883 | 8210 0400 

  0x000001bc002c840c: ;   {metadata(method data for {method} {0x000001bc0f008958} 'toString' '()Ljava/lang/String;' in 'java/lang/StringBuilder')}
  0x000001bc002c840c: 0001 48ba | 98c8 0052 | bc01 0000 | 8bb2 cc00 | 0000 83c6 | 0289 b2cc | 0000 0081 | e6fe ff1f 
  0x000001bc002c842c: 0085 f60f | 84af 0500 

  0x000001bc002c8434: ;   {metadata('java/lang/String')}
  0x000001bc002c8434: 0048 ba78 | e800 0fbc | 0100 0049 | 8b87 b801 | 0000 488d | 7818 493b | bfc8 0100 | 000f 87ae 
  0x000001bc002c8454: 0500 0049 | 89bf b801 | 0000 48c7 | 0001 0000 | 0048 8bca | 49ba 0000 | 000f bc01 | 0000 492b 
  0x000001bc002c8474: ca89 4808 | 4833 c989 | 480c 4833 | c948 8948 | 104c 8bc0 

  0x000001bc002c8488: ;   {metadata(method data for {method} {0x000001bc0f008958} 'toString' '()Ljava/lang/String;' in 'java/lang/StringBuilder')}
  0x000001bc002c8488: 49b9 98c8 | 0052 bc01 | 0000 4983 | 8110 0100 

  0x000001bc002c8498: ;   {metadata(method data for {method} {0x000001bc0f455dd8} '<init>' '(Ljava/lang/StringBuilder;)V' in 'java/lang/String')}
  0x000001bc002c8498: 0001 49b8 | e0c9 0052 | bc01 0000 | 458b 88cc | 0000 0041 | 83c1 0245 | 8988 cc00 | 0000 4181 
  0x000001bc002c84b8: e1fe ff1f | 0045 85c9 | 0f84 4c05 | 0000 4c8b 

  0x000001bc002c84c8: ;   {metadata(method data for {method} {0x000001bc0f455dd8} '<init>' '(Ljava/lang/StringBuilder;)V' in 'java/lang/String')}
  0x000001bc002c84c8: c049 b9e0 | c900 52bc | 0100 0049 | 8381 1001 | 0000 014c | 8b84 2440 

  0x000001bc002c84e0: ;   {oop(nullptr)}
  0x000001bc002c84e0: 0100 0049 | b900 0000 | 0000 0000 | 0048 8bd0 | 4889 8424 | 5001 0000 | 0f1f 8000 

  0x000001bc002c84fc: ;   {optimized virtual_call}
  0x000001bc002c84fc: 0000 00e8 

  0x000001bc002c8500: ; ImmutableOopMap {[328]=Oop [336]=Oop }
                      ;*invokespecial <init> {reexecute=0 rethrow=0 return_oop=0}
                      ; - java.lang.String::<init>@3
                      ; - java.lang.StringBuilder::toString@5
                      ; - java.net.URLClassLoader::defineClass@124
  0x000001bc002c8500: 7c62 2b07 

  0x000001bc002c8504: ;   {other}
  0x000001bc002c8504: 0f1f 8400 | f41f 001c | 488b 8424 | 4801 0000 

  0x000001bc002c8514: ;   {metadata(method data for {method} {0x000001bc520a4c58} 'defineClass' '(Ljava/lang/String;Ljdk/internal/loader/Resource;)Ljava/lang/Class;' in 'java/net/URLClassLoader')}
  0x000001bc002c8514: 49b8 b86c | 3b52 bc01 | 0000 4983 | 8048 0400 | 0001 4c8b | 8424 5001 | 0000 488b | 9424 4801 
  0x000001bc002c8534: ;   {optimized virtual_call}
  0x000001bc002c8534: 0000 90e8 

  0x000001bc002c8538: ; ImmutableOopMap {[328]=Oop }
                      ;*invokespecial <init> {reexecute=0 rethrow=0 return_oop=0}
                      ; - java.net.URLClassLoader::defineClass@127
  0x000001bc002c8538: 4462 2b07 

  0x000001bc002c853c: ;   {other}
  0x000001bc002c853c: 0f1f 8400 | 2c20 001d | 488b 8424 | 4801 0000 | e915 0500 | 0049 8b87 | 0005 0000 | 4d33 d24d 
  0x000001bc002c855c: 8997 0005 | 0000 4d33 | d24d 8997 | 0805 0000 | 488b f048 | 8d84 2458 | 0100 0048 | 8b38 4885 
  0x000001bc002c857c: ff0f 840f | 0000 0048 | 8b58 08f0 | 480f b13b | 0f85 a104 | 0000 49ff | 8f50 0500 | 0048 8bc6 
  0x000001bc002c859c: e9c5 0400 

  0x000001bc002c85a0: ;   {metadata({method} {0x000001bc520a4c58} 'defineClass' '(Ljava/lang/String;Ljdk/internal/loader/Resource;)Ljava/lang/Class;' in 'java/net/URLClassLoader')}
  0x000001bc002c85a0: 0049 ba50 | 4c0a 52bc | 0100 004c | 8954 2408 | 48c7 0424 | ffff ffff 

  0x000001bc002c85b8: ;   {runtime_call counter_overflow Runtime1 stub}
  0x000001bc002c85b8: e843 c136 

  0x000001bc002c85bc: ; ImmutableOopMap {rdx=Oop r8=Oop r9=Oop [216]=Oop [224]=Oop [232]=Oop }
                      ;*synchronization entry
                      ; - java.net.URLClassLoader::defineClass@-1
  0x000001bc002c85bc: 07e9 bce4 

  0x000001bc002c85c0: ;   {runtime_call throw_null_pointer_exception Runtime1 stub}
  0x000001bc002c85c0: ffff e839 

  0x000001bc002c85c4: ; ImmutableOopMap {r8=Oop [216]=Oop [224]=Oop [232]=Oop }
                      ;*invokevirtual lastIndexOf {reexecute=0 rethrow=0 return_oop=0}
                      ; - java.net.URLClassLoader::defineClass@7
                      ;   {metadata({method} {0x000001bc0f453d30} 'lastIndexOf' '(I)I' in 'java/lang/String')}
  0x000001bc002c85c4: 6d36 0749 | ba28 3d45 | 0fbc 0100 | 004c 8954 | 2408 48c7 | 0424 ffff 

  0x000001bc002c85dc: ;   {runtime_call counter_overflow Runtime1 stub}
  0x000001bc002c85dc: ffff e81d 

  0x000001bc002c85e0: ; ImmutableOopMap {r8=Oop [216]=Oop [224]=Oop [232]=Oop }
                      ;*synchronization entry
                      ; - java.lang.String::lastIndexOf@-1
                      ; - java.net.URLClassLoader::defineClass@7
  0x000001bc002c85e0: c136 07e9 | 0be5 ffff 

  0x000001bc002c85e8: ;   {metadata({method} {0x000001bc0f00ee90} 'length' '()I' in 'java/lang/String')}
  0x000001bc002c85e8: 49ba 88ee | 000f bc01 | 0000 4c89 | 5424 0848 | c704 24ff 

  0x000001bc002c85fc: ;   {runtime_call counter_overflow Runtime1 stub}
  0x000001bc002c85fc: ffff ffe8 

  0x000001bc002c8600: ; ImmutableOopMap {r8=Oop [216]=Oop [224]=Oop [232]=Oop }
                      ;*synchronization entry
                      ; - java.lang.String::length@-1
                      ; - java.lang.String::lastIndexOf@3
                      ; - java.net.URLClassLoader::defineClass@7
  0x000001bc002c8600: fcc0 3607 | e926 e5ff 

  0x000001bc002c8608: ;   {runtime_call throw_null_pointer_exception Runtime1 stub}
  0x000001bc002c8608: ffe8 f26c 

  0x000001bc002c860c: ; ImmutableOopMap {r8=Oop rsi=Oop [216]=Oop [224]=Oop [232]=Oop }
                      ;*arraylength {reexecute=0 rethrow=0 return_oop=0}
                      ; - java.lang.String::length@4
                      ; - java.lang.String::lastIndexOf@3
                      ; - java.net.URLClassLoader::defineClass@7
                      ;   {metadata({method} {0x000001bc0f455018} 'coder' '()B' in 'java/lang/String')}
  0x000001bc002c860c: 3607 49ba | 1050 450f | bc01 0000 | 4c89 5424 | 0848 c704 | 24ff ffff 

  0x000001bc002c8624: ;   {runtime_call counter_overflow Runtime1 stub}
  0x000001bc002c8624: ffe8 d6c0 

  0x000001bc002c8628: ; ImmutableOopMap {r8=Oop rsi=Oop [216]=Oop [224]=Oop [232]=Oop }
                      ;*synchronization entry
                      ; - java.lang.String::coder@-1
                      ; - java.lang.String::length@6
                      ; - java.lang.String::lastIndexOf@3
                      ; - java.net.URLClassLoader::defineClass@7
  0x000001bc002c8628: 3607 e948 

  0x000001bc002c862c: ;   {metadata({method} {0x000001bc0f453c80} 'lastIndexOf' '(II)I' in 'java/lang/String')}
  0x000001bc002c862c: e5ff ff49 | ba78 3c45 | 0fbc 0100 | 004c 8954 | 2408 48c7 | 0424 ffff 

  0x000001bc002c8644: ;   {runtime_call counter_overflow Runtime1 stub}
  0x000001bc002c8644: ffff e8b5 

  0x000001bc002c8648: ; ImmutableOopMap {r8=Oop rsi=Oop [216]=Oop [224]=Oop [232]=Oop }
                      ;*synchronization entry
                      ; - java.lang.String::lastIndexOf@-1
                      ; - java.lang.String::lastIndexOf@8
                      ; - java.net.URLClassLoader::defineClass@7
  0x000001bc002c8648: c036 07e9 | 98e5 ffff 

  0x000001bc002c8650: ;   {metadata({method} {0x000001bc0f454410} 'isLatin1' '()Z' in 'java/lang/String')}
  0x000001bc002c8650: 49ba 0844 | 450f bc01 | 0000 4c89 | 5424 0848 | c704 24ff 

  0x000001bc002c8664: ;   {runtime_call counter_overflow Runtime1 stub}
  0x000001bc002c8664: ffff ffe8 

  0x000001bc002c8668: ; ImmutableOopMap {r8=Oop rsi=Oop [216]=Oop [224]=Oop [232]=Oop }
                      ;*synchronization entry
                      ; - java.lang.String::isLatin1@-1
                      ; - java.lang.String::lastIndexOf@1
                      ; - java.lang.String::lastIndexOf@8
                      ; - java.net.URLClassLoader::defineClass@7
  0x000001bc002c8668: 94c0 3607 | e9b3 e5ff 

  0x000001bc002c8670: ;   {runtime_call throw_null_pointer_exception Runtime1 stub}
  0x000001bc002c8670: ffe8 8a6c 

  0x000001bc002c8674: ; ImmutableOopMap {r9=Oop [216]=Oop [224]=Oop [232]=Oop }
                      ;*invokevirtual getCodeSourceURL {reexecute=0 rethrow=0 return_oop=0}
                      ; - java.net.URLClassLoader::defineClass@13
                      ;   {metadata({method} {0x000001bc0f212970} 'getCodeSourceURL' '()Ljava/net/URL;' in 'jdk/internal/loader/URLClassPath$JarLoader$2')}
  0x000001bc002c8674: 3607 49ba | 6829 210f | bc01 0000 | 4c89 5424 | 0848 c704 | 24ff ffff 

  0x000001bc002c868c: ;   {runtime_call counter_overflow Runtime1 stub}
  0x000001bc002c868c: ffe8 6ec0 

  0x000001bc002c8690: ; ImmutableOopMap {r9=Oop [216]=Oop [224]=Oop [232]=Oop }
                      ;*synchronization entry
                      ; - jdk.internal.loader.URLClassPath$JarLoader$2::getCodeSourceURL@-1
                      ; - java.net.URLClassLoader::defineClass@13
  0x000001bc002c8690: 3607 e9e7 

  0x000001bc002c8694: ;   {runtime_call throw_null_pointer_exception Runtime1 stub}
  0x000001bc002c8694: e6ff ffe8 

  0x000001bc002c8698: ; ImmutableOopMap {r9=Oop [216]=Oop [224]=Oop [232]=Oop }
                      ;*getfield csu {reexecute=1 rethrow=0 return_oop=0}
                      ; - (reexecute) jdk.internal.loader.URLClassPath$JarLoader$2::getCodeSourceURL@4
                      ; - java.net.URLClassLoader::defineClass@13
  0x000001bc002c8698: 646c 3607 

  0x000001bc002c869c: ;   {metadata({method} {0x000001bc0f2129c8} 'getManifest' '()Ljava/util/jar/Manifest;' in 'jdk/internal/loader/URLClassPath$JarLoader$2')}
  0x000001bc002c869c: 49ba c029 | 210f bc01 | 0000 4c89 | 5424 0848 | c704 24ff 

  0x000001bc002c86b0: ;   {runtime_call counter_overflow Runtime1 stub}
  0x000001bc002c86b0: ffff ffe8 

  0x000001bc002c86b4: ; ImmutableOopMap {rax=Oop [216]=Oop [224]=Oop [232]=Oop [248]=Oop [256]=Oop }
                      ;*synchronization entry
                      ; - jdk.internal.loader.URLClassPath$JarLoader$2::getManifest@-1
                      ; - java.net.URLClassLoader::defineClass@34
  0x000001bc002c86b4: 48c0 3607 | e999 e7ff 

  0x000001bc002c86bc: ;   {metadata({method} {0x000001bc0f473d98} 'javaUtilJarAccess' '()Ljdk/internal/access/JavaUtilJarAccess;' in 'jdk/internal/access/SharedSecrets')}
  0x000001bc002c86bc: ff49 ba90 | 3d47 0fbc | 0100 004c | 8954 2408 | 48c7 0424 | ffff ffff 

  0x000001bc002c86d4: ;   {runtime_call counter_overflow Runtime1 stub}
  0x000001bc002c86d4: e827 c036 

  0x000001bc002c86d8: ; ImmutableOopMap {rax=Oop [216]=Oop [224]=Oop [232]=Oop [248]=Oop [256]=Oop }
                      ;*synchronization entry
                      ; - jdk.internal.access.SharedSecrets::javaUtilJarAccess@-1
                      ; - jdk.internal.loader.URLClassPath$JarLoader$2::getManifest@0
                      ; - java.net.URLClassLoader::defineClass@34
  0x000001bc002c86d8: 07e9 b1e7 

  0x000001bc002c86dc: ;   {metadata({method} {0x000001bc0f474058} 'ensureClassInitialized' '(Ljava/lang/Class;)V' in 'jdk/internal/access/SharedSecrets')}
  0x000001bc002c86dc: ffff 49ba | 5040 470f | bc01 0000 | 4c89 5424 | 0848 c704 | 24ff ffff 

  0x000001bc002c86f4: ;   {runtime_call counter_overflow Runtime1 stub}
  0x000001bc002c86f4: ffe8 06c0 

  0x000001bc002c86f8: ; ImmutableOopMap {[216]=Oop [224]=Oop [232]=Oop [248]=Oop [256]=Oop }
                      ;*synchronization entry
                      ; - jdk.internal.access.SharedSecrets::ensureClassInitialized@-1
                      ; - jdk.internal.access.SharedSecrets::javaUtilJarAccess@10
                      ; - jdk.internal.loader.URLClassPath$JarLoader$2::getManifest@0
                      ; - java.net.URLClassLoader::defineClass@34
  0x000001bc002c86f8: 3607 e908 

  0x000001bc002c86fc: ;   {metadata({method} {0x000001bc0f3f0a98} 'lookup' '()Ljava/lang/invoke/MethodHandles$Lookup;' in 'java/lang/invoke/MethodHandles')}
  0x000001bc002c86fc: e8ff ff49 | ba90 0a3f | 0fbc 0100 | 004c 8954 | 2408 48c7 | 0424 ffff 

  0x000001bc002c8714: ;   {runtime_call counter_overflow Runtime1 stub}
  0x000001bc002c8714: ffff e8e5 

  0x000001bc002c8718: ; ImmutableOopMap {[216]=Oop [224]=Oop [232]=Oop [248]=Oop [256]=Oop }
                      ;*synchronization entry
                      ; - java.lang.invoke.MethodHandles::lookup@-1
                      ; - jdk.internal.access.SharedSecrets::ensureClassInitialized@0
                      ; - jdk.internal.access.SharedSecrets::javaUtilJarAccess@10
                      ; - jdk.internal.loader.URLClassPath$JarLoader$2::getManifest@0
                      ; - java.net.URLClassLoader::defineClass@34
  0x000001bc002c8718: bf36 07e9 | 20e8 ffff 

  0x000001bc002c8720: ;   {runtime_call fast_new_instance Runtime1 stub}
  0x000001bc002c8720: 488b d2e8 

  0x000001bc002c8724: ; ImmutableOopMap {r8=Oop [216]=Oop [224]=Oop [232]=Oop [248]=Oop [256]=Oop }
                      ;*new {reexecute=0 rethrow=0 return_oop=0}
                      ; - java.lang.invoke.MethodHandles::lookup@18
                      ; - jdk.internal.access.SharedSecrets::ensureClassInitialized@0
                      ; - jdk.internal.access.SharedSecrets::javaUtilJarAccess@10
                      ; - jdk.internal.loader.URLClassPath$JarLoader$2::getManifest@0
                      ; - java.net.URLClassLoader::defineClass@34
  0x000001bc002c8724: d874 3607 | e9bd e8ff 

  0x000001bc002c872c: ;   {metadata({method} {0x000001bc0f3e21b0} '<init>' '(Ljava/lang/Class;)V' in 'java/lang/invoke/MethodHandles$Lookup')}
  0x000001bc002c872c: ff49 baa8 | 213e 0fbc | 0100 004c | 8954 2408 | 48c7 0424 | ffff ffff 

  0x000001bc002c8744: ;   {runtime_call counter_overflow Runtime1 stub}
  0x000001bc002c8744: e8b7 bf36 

  0x000001bc002c8748: ; ImmutableOopMap {r8=Oop rax=Oop [216]=Oop [224]=Oop [232]=Oop [248]=Oop [256]=Oop }
                      ;*synchronization entry
                      ; - java.lang.invoke.MethodHandles$Lookup::<init>@-1
                      ; - java.lang.invoke.MethodHandles::lookup@23
                      ; - jdk.internal.access.SharedSecrets::ensureClassInitialized@0
                      ; - jdk.internal.access.SharedSecrets::javaUtilJarAccess@10
                      ; - jdk.internal.loader.URLClassPath$JarLoader$2::getManifest@0
                      ; - java.net.URLClassLoader::defineClass@34
  0x000001bc002c8748: 07e9 dae8 

  0x000001bc002c874c: ;   {metadata(nullptr)}
  0x000001bc002c874c: ffff 48ba | 0000 0000 | 0000 0000 | b800 0f05 

  0x000001bc002c875c: ;   {runtime_call load_klass_patching Runtime1 stub}
  0x000001bc002c875c: 0ae8 1eaf 

  0x000001bc002c8760: ; ImmutableOopMap {[216]=Oop [224]=Oop [232]=Oop [248]=Oop [256]=Oop }
                      ;*new {reexecute=1 rethrow=0 return_oop=0}
                      ; - (reexecute) java.lang.invoke.MethodHandles::lookup@8
                      ; - jdk.internal.access.SharedSecrets::ensureClassInitialized@0
                      ; - jdk.internal.access.SharedSecrets::javaUtilJarAccess@10
                      ; - jdk.internal.loader.URLClassPath$JarLoader$2::getManifest@0
                      ; - java.net.URLClassLoader::defineClass@34
  0x000001bc002c8760: 3607 e951 | e9ff ff48 

  0x000001bc002c8768: ;   {runtime_call new_instance Runtime1 stub}
  0x000001bc002c8768: 8bd2 e891 

  0x000001bc002c876c: ; ImmutableOopMap {[216]=Oop [224]=Oop [232]=Oop [248]=Oop [256]=Oop }
                      ;*new {reexecute=0 rethrow=0 return_oop=0}
                      ; - java.lang.invoke.MethodHandles::lookup@8
                      ; - jdk.internal.access.SharedSecrets::ensureClassInitialized@0
                      ; - jdk.internal.access.SharedSecrets::javaUtilJarAccess@10
                      ; - jdk.internal.loader.URLClassPath$JarLoader$2::getManifest@0
                      ; - java.net.URLClassLoader::defineClass@34
  0x000001bc002c876c: 7136 07e9 | 53e9 ffff 

  0x000001bc002c8774: ;   {runtime_call throw_null_pointer_exception Runtime1 stub}
  0x000001bc002c8774: e887 6b36 

  0x000001bc002c8778: ; ImmutableOopMap {rsi=Oop r9=Oop [216]=Oop [224]=Oop [232]=Oop [248]=Oop [256]=Oop }
                      ;*getfield jar {reexecute=1 rethrow=0 return_oop=0}
                      ; - (reexecute) jdk.internal.loader.URLClassPath$JarLoader$2::getManifest@7
                      ; - java.net.URLClassLoader::defineClass@34
                      ;   {runtime_call throw_incompatible_class_change_error Runtime1 stub}
  0x000001bc002c8778: 07e8 8292 

  0x000001bc002c877c: ; ImmutableOopMap {rsi=Oop r9=Oop rdx=Oop [216]=Oop [224]=Oop [232]=Oop [248]=Oop [256]=Oop }
                      ;*invokeinterface ensureInitialization {reexecute=0 rethrow=0 return_oop=0}
                      ; - jdk.internal.loader.URLClassPath$JarLoader$2::getManifest@10
                      ; - java.net.URLClassLoader::defineClass@34
                      ;   {runtime_call throw_null_pointer_exception Runtime1 stub}
  0x000001bc002c877c: 3607 e87d 

  0x000001bc002c8780: ; ImmutableOopMap {rsi=Oop r9=Oop rdx=Oop [216]=Oop [224]=Oop [232]=Oop [248]=Oop [256]=Oop }
                      ;*invokeinterface ensureInitialization {reexecute=0 rethrow=0 return_oop=0}
                      ; - jdk.internal.loader.URLClassPath$JarLoader$2::getManifest@10
                      ; - java.net.URLClassLoader::defineClass@34
                      ;   {metadata({method} {0x000001bc0f315f40} 'ensureInitialization' '(Ljava/util/jar/JarFile;)V' in 'java/util/jar/JavaUtilJarAccessImpl')}
  0x000001bc002c8780: 6b36 0749 | ba38 5f31 | 0fbc 0100 | 004c 8954 | 2408 48c7 | 0424 ffff 

  0x000001bc002c8798: ;   {runtime_call counter_overflow Runtime1 stub}
  0x000001bc002c8798: ffff e861 

  0x000001bc002c879c: ; ImmutableOopMap {r9=Oop rdx=Oop [216]=Oop [224]=Oop [232]=Oop [248]=Oop [256]=Oop }
                      ;*synchronization entry
                      ; - java.util.jar.JavaUtilJarAccessImpl::ensureInitialization@-1
                      ; - jdk.internal.loader.URLClassPath$JarLoader$2::getManifest@10
                      ; - java.net.URLClassLoader::defineClass@34
  0x000001bc002c879c: bf36 07e9 | 37ea ffff 

  0x000001bc002c87a4: ;   {runtime_call throw_null_pointer_exception Runtime1 stub}
  0x000001bc002c87a4: e857 6b36 

  0x000001bc002c87a8: ; ImmutableOopMap {r9=Oop rdx=Oop [216]=Oop [224]=Oop [232]=Oop [248]=Oop [256]=Oop }
                      ;*invokevirtual ensureInitialization {reexecute=0 rethrow=0 return_oop=0}
                      ; - java.util.jar.JavaUtilJarAccessImpl::ensureInitialization@1
                      ; - jdk.internal.loader.URLClassPath$JarLoader$2::getManifest@10
                      ; - java.net.URLClassLoader::defineClass@34
                      ;   {runtime_call throw_null_pointer_exception Runtime1 stub}
  0x000001bc002c87a8: 07e8 526b 

  0x000001bc002c87ac: ; ImmutableOopMap {r9=Oop [216]=Oop [224]=Oop [232]=Oop [248]=Oop [256]=Oop }
                      ;*getfield jar {reexecute=1 rethrow=0 return_oop=0}
                      ; - (reexecute) jdk.internal.loader.URLClassPath$JarLoader$2::getManifest@19
                      ; - java.net.URLClassLoader::defineClass@34
                      ;   {runtime_call throw_null_pointer_exception Runtime1 stub}
  0x000001bc002c87ac: 3607 e84d 

  0x000001bc002c87b0: ; ImmutableOopMap {r9=Oop rdx=Oop [216]=Oop [224]=Oop [232]=Oop [248]=Oop [256]=Oop }
                      ;*invokevirtual getManifest {reexecute=0 rethrow=0 return_oop=0}
                      ; - jdk.internal.loader.URLClassPath$JarLoader$2::getManifest@22
                      ; - java.net.URLClassLoader::defineClass@34
                      ;   {metadata({method} {0x000001bc0f16ff28} 'getByteBuffer' '()Ljava/nio/ByteBuffer;' in 'jdk/internal/loader/Resource')}
  0x000001bc002c87b0: 6b36 0749 | ba20 ff16 | 0fbc 0100 | 004c 8954 | 2408 48c7 | 0424 ffff 

  0x000001bc002c87c8: ;   {runtime_call counter_overflow Runtime1 stub}
  0x000001bc002c87c8: ffff e831 

  0x000001bc002c87cc: ; ImmutableOopMap {r9=Oop [216]=Oop [224]=Oop [232]=Oop [248]=Oop }
                      ;*synchronization entry
                      ; - jdk.internal.loader.Resource::getByteBuffer@-1
                      ; - java.net.URLClassLoader::defineClass@132
  0x000001bc002c87cc: bf36 07e9 | 76ef ffff | 4c89 4c24 | 084c 8904 

  0x000001bc002c87dc: ;   {runtime_call monitorenter_nofpu Runtime1 stub}
  0x000001bc002c87dc: 24e8 1e9b 

  0x000001bc002c87e0: ; ImmutableOopMap {r9=Oop [216]=Oop [224]=Oop [232]=Oop [248]=Oop [352]=Oop }
                      ;*synchronization entry
                      ; - jdk.internal.loader.Resource::cachedInputStream@-1
                      ; - jdk.internal.loader.Resource::getByteBuffer@1
                      ; - java.net.URLClassLoader::defineClass@132
  0x000001bc002c87e0: 3607 e9b2 

  0x000001bc002c87e4: ;   {metadata({method} {0x000001bc0f1701e8} 'cachedInputStream' '()Ljava/io/InputStream;' in 'jdk/internal/loader/Resource')}
  0x000001bc002c87e4: efff ff49 | bae0 0117 | 0fbc 0100 | 004c 8954 | 2408 48c7 | 0424 ffff 

  0x000001bc002c87fc: ;   {runtime_call counter_overflow Runtime1 stub}
  0x000001bc002c87fc: ffff e8fd 

  0x000001bc002c8800: ; ImmutableOopMap {r9=Oop [216]=Oop [224]=Oop [232]=Oop [248]=Oop [352]=Oop }
                      ;*synchronization entry
                      ; - jdk.internal.loader.Resource::cachedInputStream@-1
                      ; - jdk.internal.loader.Resource::getByteBuffer@1
                      ; - java.net.URLClassLoader::defineClass@132
  0x000001bc002c8800: be36 07e9 | baef ffff 

  0x000001bc002c8808: ;   {metadata({method} {0x000001bc0f212918} 'getInputStream' '()Ljava/io/InputStream;' in 'jdk/internal/loader/URLClassPath$JarLoader$2')}
  0x000001bc002c8808: 49ba 1029 | 210f bc01 | 0000 4c89 | 5424 0848 | c704 24ff 

  0x000001bc002c881c: ;   {runtime_call counter_overflow Runtime1 stub}
  0x000001bc002c881c: ffff ffe8 

  0x000001bc002c8820: ; ImmutableOopMap {r9=Oop [216]=Oop [224]=Oop [232]=Oop [248]=Oop [352]=Oop }
                      ;*synchronization entry
                      ; - jdk.internal.loader.URLClassPath$JarLoader$2::getInputStream@-1
                      ; - jdk.internal.loader.Resource::cachedInputStream@9
                      ; - jdk.internal.loader.Resource::getByteBuffer@1
                      ; - java.net.URLClassLoader::defineClass@132
  0x000001bc002c8820: dcbe 3607 | e90a f0ff 

  0x000001bc002c8828: ;   {runtime_call throw_null_pointer_exception Runtime1 stub}
  0x000001bc002c8828: ffe8 d26a 

  0x000001bc002c882c: ; ImmutableOopMap {r9=Oop [216]=Oop [224]=Oop [232]=Oop [248]=Oop [352]=Oop }
                      ;*getfield jar {reexecute=1 rethrow=0 return_oop=0}
                      ; - (reexecute) jdk.internal.loader.URLClassPath$JarLoader$2::getInputStream@4
                      ; - jdk.internal.loader.Resource::cachedInputStream@9
                      ; - jdk.internal.loader.Resource::getByteBuffer@1
                      ; - java.net.URLClassLoader::defineClass@132
                      ;   {runtime_call throw_null_pointer_exception Runtime1 stub}
  0x000001bc002c882c: 3607 e8cd 

  0x000001bc002c8830: ; ImmutableOopMap {r9=Oop rdx=Oop r8=Oop [216]=Oop [224]=Oop [232]=Oop [248]=Oop [352]=Oop }
                      ;*invokevirtual getInputStream {reexecute=0 rethrow=0 return_oop=0}
                      ; - jdk.internal.loader.URLClassPath$JarLoader$2::getInputStream@11
                      ; - jdk.internal.loader.Resource::cachedInputStream@9
                      ; - jdk.internal.loader.Resource::getByteBuffer@1
                      ; - java.net.URLClassLoader::defineClass@132
  0x000001bc002c8830: 6a36 0748 | 8d84 2458 | 0100 0048 

  0x000001bc002c883c: ;   {runtime_call monitorexit_nofpu Runtime1 stub}
  0x000001bc002c883c: 8904 24e8 | bca0 3607 | e9ed f0ff | ff48 8914 

  0x000001bc002c884c: ;   {runtime_call throw_class_cast_exception Runtime1 stub}
  0x000001bc002c884c: 24e8 ae8e 

  0x000001bc002c8850: ; ImmutableOopMap {[216]=Oop [224]=Oop [232]=Oop [248]=Oop }
                      ;*checkcast {reexecute=0 rethrow=0 return_oop=0}
                      ; - jdk.internal.loader.Resource::getByteBuffer@13
                      ; - java.net.URLClassLoader::defineClass@132
                      ;   {runtime_call throw_null_pointer_exception Runtime1 stub}
  0x000001bc002c8850: 3607 e8a9 

  0x000001bc002c8854: ; ImmutableOopMap {rdx=Oop [216]=Oop [224]=Oop [232]=Oop [248]=Oop }
                      ;*invokeinterface getByteBuffer {reexecute=0 rethrow=0 return_oop=0}
                      ; - jdk.internal.loader.Resource::getByteBuffer@16
                      ; - java.net.URLClassLoader::defineClass@132
                      ;   {metadata({method} {0x000001bc0f212a20} 'getCodeSigners' '()[Ljava/security/CodeSigner;' in 'jdk/internal/loader/URLClassPath$JarLoader$2')}
  0x000001bc002c8854: 6a36 0749 | ba18 2a21 | 0fbc 0100 | 004c 8954 | 2408 48c7 | 0424 ffff 

  0x000001bc002c886c: ;   {runtime_call counter_overflow Runtime1 stub}
  0x000001bc002c886c: ffff e88d 

  0x000001bc002c8870: ; ImmutableOopMap {r9=Oop [216]=Oop [224]=Oop [232]=Oop [248]=Oop [288]=Oop }
                      ;*synchronization entry
                      ; - jdk.internal.loader.URLClassPath$JarLoader$2::getCodeSigners@-1
                      ; - java.net.URLClassLoader::defineClass@143
  0x000001bc002c8870: be36 07e9 | 47f4 ffff 

  0x000001bc002c8878: ;   {runtime_call throw_null_pointer_exception Runtime1 stub}
  0x000001bc002c8878: e883 6a36 

  0x000001bc002c887c: ; ImmutableOopMap {rdx=Oop [216]=Oop [232]=Oop [248]=Oop [288]=Oop }
                      ;*invokevirtual getCodeSigners {reexecute=0 rethrow=0 return_oop=0}
                      ; - jdk.internal.loader.URLClassPath$JarLoader$2::getCodeSigners@4
                      ; - java.net.URLClassLoader::defineClass@143
  0x000001bc002c887c: 0748 8bd2 

  0x000001bc002c8880: ;   {runtime_call fast_new_instance Runtime1 stub}
  0x000001bc002c8880: e87b 7336 

  0x000001bc002c8884: ; ImmutableOopMap {r9=Oop [216]=Oop [232]=Oop [248]=Oop [288]=Oop }
                      ;*new {reexecute=0 rethrow=0 return_oop=0}
                      ; - java.net.URLClassLoader::defineClass@148
  0x000001bc002c8884: 07e9 45f5 

  0x000001bc002c8888: ;   {metadata({method} {0x000001bc0f1042a8} 'getReadClassBytesTime' '()Ljdk/internal/perf/PerfCounter;' in 'jdk/internal/perf/PerfCounter')}
  0x000001bc002c8888: ffff 49ba | a042 100f | bc01 0000 | 4c89 5424 | 0848 c704 | 24ff ffff 

  0x000001bc002c88a0: ;   {runtime_call counter_overflow Runtime1 stub}
  0x000001bc002c88a0: ffe8 5abe 

  0x000001bc002c88a4: ; ImmutableOopMap {[216]=Oop [232]=Oop [288]=Oop [296]=Oop }
                      ;*synchronization entry
                      ; - jdk.internal.perf.PerfCounter::getReadClassBytesTime@-1
                      ; - java.net.URLClassLoader::defineClass@161
  0x000001bc002c88a4: 3607 e994 

  0x000001bc002c88a8: ;   {internal_word}
  0x000001bc002c88a8: f5ff ff49 | bad4 7e2c | 00bc 0100 | 004d 8997 | 6804 0000 

  0x000001bc002c88bc: ;   {runtime_call SafepointBlob}
  0x000001bc002c88bc: e93f c22b 

  0x000001bc002c88c0: ;   {metadata({method} {0x000001bc0f212a20} 'getCodeSigners' '()[Ljava/security/CodeSigner;' in 'jdk/internal/loader/URLClassPath$JarLoader$2')}
  0x000001bc002c88c0: 0749 ba18 | 2a21 0fbc | 0100 004c | 8954 2408 | 48c7 0424 | ffff ffff 

  0x000001bc002c88d8: ;   {runtime_call counter_overflow Runtime1 stub}
  0x000001bc002c88d8: e823 be36 

  0x000001bc002c88dc: ; ImmutableOopMap {rax=Oop [216]=Oop [224]=Oop [232]=Oop [248]=Oop }
                      ;*synchronization entry
                      ; - jdk.internal.loader.URLClassPath$JarLoader$2::getCodeSigners@-1
                      ; - java.net.URLClassLoader::defineClass@185
  0x000001bc002c88dc: 07e9 94f6 

  0x000001bc002c88e0: ;   {runtime_call throw_null_pointer_exception Runtime1 stub}
  0x000001bc002c88e0: ffff e819 

  0x000001bc002c88e4: ; ImmutableOopMap {rax=Oop rdx=Oop [216]=Oop [232]=Oop [248]=Oop }
                      ;*invokevirtual getCodeSigners {reexecute=0 rethrow=0 return_oop=0}
                      ; - jdk.internal.loader.URLClassPath$JarLoader$2::getCodeSigners@4
                      ; - java.net.URLClassLoader::defineClass@185
  0x000001bc002c88e4: 6a36 0748 

  0x000001bc002c88e8: ;   {runtime_call fast_new_instance Runtime1 stub}
  0x000001bc002c88e8: 8bd2 e811 

  0x000001bc002c88ec: ; ImmutableOopMap {r9=Oop [216]=Oop [232]=Oop [248]=Oop [304]=Oop }
                      ;*new {reexecute=0 rethrow=0 return_oop=0}
                      ; - java.net.URLClassLoader::defineClass@190
  0x000001bc002c88ec: 7336 07e9 | a3f7 ffff 

  0x000001bc002c88f4: ;   {metadata({method} {0x000001bc0f1042a8} 'getReadClassBytesTime' '()Ljdk/internal/perf/PerfCounter;' in 'jdk/internal/perf/PerfCounter')}
  0x000001bc002c88f4: 49ba a042 | 100f bc01 | 0000 4c89 | 5424 0848 | c704 24ff 

  0x000001bc002c8908: ;   {runtime_call counter_overflow Runtime1 stub}
  0x000001bc002c8908: ffff ffe8 

  0x000001bc002c890c: ; ImmutableOopMap {[216]=Oop [232]=Oop [304]=Oop [312]=Oop }
                      ;*synchronization entry
                      ; - jdk.internal.perf.PerfCounter::getReadClassBytesTime@-1
                      ; - java.net.URLClassLoader::defineClass@203
  0x000001bc002c890c: f0bd 3607 | e9f2 f7ff 

  0x000001bc002c8914: ;   {runtime_call throw_null_pointer_exception Runtime1 stub}
  0x000001bc002c8914: ffe8 e669 

  0x000001bc002c8918: ; ImmutableOopMap {rax=Oop [216]=Oop [232]=Oop [312]=Oop }
                      ;*arraylength {reexecute=0 rethrow=0 return_oop=0}
                      ; - java.net.URLClassLoader::defineClass@217
                      ;   {internal_word}
  0x000001bc002c8918: 3607 49ba | ac81 2c00 | bc01 0000 | 4d89 9768 

  0x000001bc002c8928: ;   {runtime_call SafepointBlob}
  0x000001bc002c8928: 0400 00e9 | d0c1 2b07 

  0x000001bc002c8930: ;   {metadata(nullptr)}
  0x000001bc002c8930: 48ba 0000 | 0000 0000 | 0000 b800 

  0x000001bc002c893c: ;   {runtime_call load_klass_patching Runtime1 stub}
  0x000001bc002c893c: 0f05 0ae8 

  0x000001bc002c8940: ; ImmutableOopMap {[256]=Oop }
                      ;*new {reexecute=1 rethrow=0 return_oop=0}
                      ; - (reexecute) java.net.URLClassLoader::defineClass@103
  0x000001bc002c8940: 3cad 3607 | e977 f8ff 

  0x000001bc002c8948: ;   {runtime_call throw_null_pointer_exception Runtime1 stub}
  0x000001bc002c8948: ffe8 b269 

  0x000001bc002c894c: ; ImmutableOopMap {[256]=Oop }
                      ;*new {reexecute=0 rethrow=0 return_oop=0}
                      ; - java.net.URLClassLoader::defineClass@103
  0x000001bc002c894c: 3607 488b 

  0x000001bc002c8950: ;   {runtime_call fast_new_instance_init_check Runtime1 stub}
  0x000001bc002c8950: d2e8 aa75 

  0x000001bc002c8954: ; ImmutableOopMap {[256]=Oop }
                      ;*new {reexecute=0 rethrow=0 return_oop=0}
                      ; - java.net.URLClassLoader::defineClass@103
  0x000001bc002c8954: 3607 e9ca 

  0x000001bc002c8958: ;   {metadata(nullptr)}
  0x000001bc002c8958: f8ff ff48 | ba00 0000 | 0000 0000 | 00b8 000f 

  0x000001bc002c8968: ;   {runtime_call load_klass_patching Runtime1 stub}
  0x000001bc002c8968: 050a e811 

  0x000001bc002c896c: ; ImmutableOopMap {rax=Oop [256]=Oop }
                      ;*new {reexecute=1 rethrow=0 return_oop=0}
                      ; - (reexecute) java.net.URLClassLoader::defineClass@107
  0x000001bc002c896c: ad36 07e9 | b4f8 ffff 

  0x000001bc002c8974: ;   {runtime_call fast_new_instance Runtime1 stub}
  0x000001bc002c8974: 488b d2e8 

  0x000001bc002c8978: ; ImmutableOopMap {[256]=Oop [328]=Oop }
                      ;*new {reexecute=0 rethrow=0 return_oop=0}
                      ; - java.net.URLClassLoader::defineClass@107
  0x000001bc002c8978: 8472 3607 | e9ff f8ff 

  0x000001bc002c8980: ;   {metadata({method} {0x000001bc0f461cf8} '<init>' '()V' in 'java/lang/StringBuilder')}
  0x000001bc002c8980: ff49 baf0 | 1c46 0fbc | 0100 004c | 8954 2408 | 48c7 0424 | ffff ffff 

  0x000001bc002c8998: ;   {runtime_call counter_overflow Runtime1 stub}
  0x000001bc002c8998: e863 bd36 

  0x000001bc002c899c: ; ImmutableOopMap {rax=Oop [256]=Oop [328]=Oop }
                      ;*synchronization entry
                      ; - java.lang.StringBuilder::<init>@-1
                      ; - java.net.URLClassLoader::defineClass@111
  0x000001bc002c899c: 07e9 1cf9 

  0x000001bc002c89a0: ;   {metadata({method} {0x000001bc0f461ae8} 'append' '(Ljava/lang/String;)Ljava/lang/StringBuilder;' in 'java/lang/StringBuilder')}
  0x000001bc002c89a0: ffff 49ba | e01a 460f | bc01 0000 | 4c89 5424 | 0848 c704 | 24ff ffff 

  0x000001bc002c89b8: ;   {runtime_call counter_overflow Runtime1 stub}
  0x000001bc002c89b8: ffe8 42bd 

  0x000001bc002c89bc: ; ImmutableOopMap {[256]=Oop [320]=Oop [328]=Oop }
                      ;*synchronization entry
                      ; - java.lang.StringBuilder::append@-1
                      ; - java.net.URLClassLoader::defineClass@116
  0x000001bc002c89bc: 3607 e974 

  0x000001bc002c89c0: ;   {metadata({method} {0x000001bc0f461ae8} 'append' '(Ljava/lang/String;)Ljava/lang/StringBuilder;' in 'java/lang/StringBuilder')}
  0x000001bc002c89c0: f9ff ff49 | bae0 1a46 | 0fbc 0100 | 004c 8954 | 2408 48c7 | 0424 ffff 

  0x000001bc002c89d8: ;   {runtime_call counter_overflow Runtime1 stub}
  0x000001bc002c89d8: ffff e821 

  0x000001bc002c89dc: ; ImmutableOopMap {[256]=Oop [320]=Oop [328]=Oop }
                      ;*synchronization entry
                      ; - java.lang.StringBuilder::append@-1
                      ; - java.net.URLClassLoader::defineClass@121
  0x000001bc002c89dc: bd36 07e9 | d3f9 ffff 

  0x000001bc002c89e4: ;   {metadata({method} {0x000001bc0f008958} 'toString' '()Ljava/lang/String;' in 'java/lang/StringBuilder')}
  0x000001bc002c89e4: 49ba 5089 | 000f bc01 | 0000 4c89 | 5424 0848 | c704 24ff 

  0x000001bc002c89f8: ;   {runtime_call counter_overflow Runtime1 stub}
  0x000001bc002c89f8: ffff ffe8 

  0x000001bc002c89fc: ; ImmutableOopMap {[320]=Oop [328]=Oop }
                      ;*synchronization entry
                      ; - java.lang.StringBuilder::toString@-1
                      ; - java.net.URLClassLoader::defineClass@124
  0x000001bc002c89fc: 00bd 3607 | e930 faff | ff48 8bd2 

  0x000001bc002c8a08: ;   {runtime_call fast_new_instance Runtime1 stub}
  0x000001bc002c8a08: e8f3 7136 

  0x000001bc002c8a0c: ; ImmutableOopMap {[320]=Oop [328]=Oop }
                      ;*new {reexecute=0 rethrow=0 return_oop=0}
                      ; - java.lang.StringBuilder::toString@0
                      ; - java.net.URLClassLoader::defineClass@124
  0x000001bc002c8a0c: 07e9 73fa 

  0x000001bc002c8a10: ;   {metadata({method} {0x000001bc0f455dd8} '<init>' '(Ljava/lang/StringBuilder;)V' in 'java/lang/String')}
  0x000001bc002c8a10: ffff 49ba | d05d 450f | bc01 0000 | 4c89 5424 | 0848 c704 | 24ff ffff 

  0x000001bc002c8a28: ;   {runtime_call counter_overflow Runtime1 stub}
  0x000001bc002c8a28: ffe8 d2bc 

  0x000001bc002c8a2c: ; ImmutableOopMap {rax=Oop [320]=Oop [328]=Oop }
                      ;*synchronization entry
                      ; - java.lang.String::<init>@-1
                      ; - java.lang.StringBuilder::toString@5
                      ; - java.net.URLClassLoader::defineClass@124
  0x000001bc002c8a2c: 3607 e993 | faff ff48 | 8d84 2458 | 0100 0048 

  0x000001bc002c8a3c: ;   {runtime_call monitorexit_nofpu Runtime1 stub}
  0x000001bc002c8a3c: 8904 24e8 | bc9e 3607 | e950 fbff | ff49 8b87 | 0005 0000 | 49c7 8700 | 0500 0000 | 0000 0049 
  0x000001bc002c8a5c: c787 0805 | 0000 0000 | 0000 4881 | c470 0100 

  0x000001bc002c8a6c: ;   {runtime_call unwind_exception Runtime1 stub}
  0x000001bc002c8a6c: 005d e98d | 5936 07f4 | f4f4 f4f4 
[Stub Code]
  0x000001bc002c8a78: ;   {no_reloc}
  0x000001bc002c8a78: 0f1f 4400 

  0x000001bc002c8a7c: ;   {static_stub}
  0x000001bc002c8a7c: 0048 bb00 | 0000 0000 

  0x000001bc002c8a84: ;   {runtime_call nmethod}
  0x000001bc002c8a84: 0000 00e9 | fbff ffff 

  0x000001bc002c8a8c: ;   {static_stub}
  0x000001bc002c8a8c: 9048 bb20 | 3d19 0fbc 

  0x000001bc002c8a94: ;   {runtime_call I2C/C2I adapters}
  0x000001bc002c8a94: 0100 00e9 | 4751 2b07 

  0x000001bc002c8a9c: ;   {static_stub}
  0x000001bc002c8a9c: 9048 bb00 | 0000 0000 

  0x000001bc002c8aa4: ;   {runtime_call nmethod}
  0x000001bc002c8aa4: 0000 00e9 | fbff ffff 

  0x000001bc002c8aac: ;   {static_stub}
  0x000001bc002c8aac: 9048 bb30 | 4e0a 52bc 

  0x000001bc002c8ab4: ;   {runtime_call I2C/C2I adapters}
  0x000001bc002c8ab4: 0100 00e9 | 33c8 2a07 

  0x000001bc002c8abc: ;   {static_stub}
  0x000001bc002c8abc: 9048 bb00 | 0000 0000 

  0x000001bc002c8ac4: ;   {runtime_call nmethod}
  0x000001bc002c8ac4: 0000 00e9 | fbff ffff 

  0x000001bc002c8acc: ;   {static_stub}
  0x000001bc002c8acc: 9048 bb00 | 0000 0000 

  0x000001bc002c8ad4: ;   {runtime_call nmethod}
  0x000001bc002c8ad4: 0000 00e9 | fbff ffff 

  0x000001bc002c8adc: ;   {static_stub}
  0x000001bc002c8adc: 9048 bb00 | 0000 0000 

  0x000001bc002c8ae4: ;   {runtime_call nmethod}
  0x000001bc002c8ae4: 0000 00e9 | fbff ffff 

  0x000001bc002c8aec: ;   {static_stub}
  0x000001bc002c8aec: 9048 bb00 | 0000 0000 

  0x000001bc002c8af4: ;   {runtime_call nmethod}
  0x000001bc002c8af4: 0000 00e9 | fbff ffff 

  0x000001bc002c8afc: ;   {static_stub}
  0x000001bc002c8afc: 9048 bb00 | 0000 0000 

  0x000001bc002c8b04: ;   {runtime_call nmethod}
  0x000001bc002c8b04: 0000 00e9 | fbff ffff 

  0x000001bc002c8b0c: ;   {static_stub}
  0x000001bc002c8b0c: 9048 bb60 | 2821 0fbc 

  0x000001bc002c8b14: ;   {runtime_call I2C/C2I adapters}
  0x000001bc002c8b14: 0100 00e9 | c750 2b07 

  0x000001bc002c8b1c: ;   {static_stub}
  0x000001bc002c8b1c: 9048 bb00 | 0000 0000 

  0x000001bc002c8b24: ;   {runtime_call nmethod}
  0x000001bc002c8b24: 0000 00e9 | fbff ffff 

  0x000001bc002c8b2c: ;   {static_stub}
  0x000001bc002c8b2c: 9048 bb00 | 0000 0000 

  0x000001bc002c8b34: ;   {runtime_call nmethod}
  0x000001bc002c8b34: 0000 00e9 | fbff ffff 

  0x000001bc002c8b3c: ;   {static_stub}
  0x000001bc002c8b3c: 9048 bb00 | 0000 0000 

  0x000001bc002c8b44: ;   {runtime_call nmethod}
  0x000001bc002c8b44: 0000 00e9 | fbff ffff 

  0x000001bc002c8b4c: ;   {static_stub}
  0x000001bc002c8b4c: 9048 bb00 | 0000 0000 

  0x000001bc002c8b54: ;   {runtime_call nmethod}
  0x000001bc002c8b54: 0000 00e9 | fbff ffff 

  0x000001bc002c8b5c: ;   {static_stub}
  0x000001bc002c8b5c: 9048 bb00 | 0000 0000 

  0x000001bc002c8b64: ;   {runtime_call nmethod}
  0x000001bc002c8b64: 0000 00e9 | fbff ffff 

  0x000001bc002c8b6c: ;   {static_stub}
  0x000001bc002c8b6c: 48bb 0000 | 0000 0000 

  0x000001bc002c8b74: ;   {runtime_call nmethod}
  0x000001bc002c8b74: 0000 e9fb 

  0x000001bc002c8b78: ;   {static_stub}
  0x000001bc002c8b78: ffff ff48 | bb00 0000 | 0000 0000 

  0x000001bc002c8b84: ;   {runtime_call nmethod}
  0x000001bc002c8b84: 00e9 fbff 

  0x000001bc002c8b88: ;   {static_stub}
  0x000001bc002c8b88: ffff 48bb | 0000 0000 | 0000 0000 

  0x000001bc002c8b94: ;   {runtime_call nmethod}
  0x000001bc002c8b94: e9fb ffff 

  0x000001bc002c8b98: ;   {static_stub}
  0x000001bc002c8b98: ff48 bb00 | 0000 0000 

  0x000001bc002c8ba0: ;   {runtime_call nmethod}
  0x000001bc002c8ba0: 0000 00e9 | fbff ffff 

  0x000001bc002c8ba8: ;   {static_stub}
  0x000001bc002c8ba8: 48bb 0000 | 0000 0000 

  0x000001bc002c8bb0: ;   {runtime_call nmethod}
  0x000001bc002c8bb0: 0000 e9fb 

  0x000001bc002c8bb4: ;   {static_stub}
  0x000001bc002c8bb4: ffff ff48 | bb00 0000 | 0000 0000 

  0x000001bc002c8bc0: ;   {runtime_call nmethod}
  0x000001bc002c8bc0: 00e9 fbff 

  0x000001bc002c8bc4: ;   {static_stub}
  0x000001bc002c8bc4: ffff 48bb | 18ea 460f | bc01 0000 

  0x000001bc002c8bd0: ;   {runtime_call I2C/C2I adapters}
  0x000001bc002c8bd0: e996 242b 

  0x000001bc002c8bd4: ;   {static_stub}
  0x000001bc002c8bd4: 0748 bb00 | 0000 0000 

  0x000001bc002c8bdc: ;   {runtime_call nmethod}
  0x000001bc002c8bdc: 0000 00e9 | fbff ffff 

  0x000001bc002c8be4: ;   {static_stub}
  0x000001bc002c8be4: 48bb e0e0 | 040f bc01 

  0x000001bc002c8bec: ;   {runtime_call I2C/C2I adapters}
  0x000001bc002c8bec: 0000 e902 

  0x000001bc002c8bf0: ;   {static_stub}
  0x000001bc002c8bf0: be2a 0748 | bbc0 4a0a | 52bc 0100 

  0x000001bc002c8bfc: ;   {runtime_call I2C/C2I adapters}
  0x000001bc002c8bfc: 00e9 edc6 

  0x000001bc002c8c00: ;   {static_stub}
  0x000001bc002c8c00: 2a07 48bb | 0000 0000 | 0000 0000 

  0x000001bc002c8c0c: ;   {runtime_call nmethod}
  0x000001bc002c8c0c: e9fb ffff 

  0x000001bc002c8c10: ;   {static_stub}
  0x000001bc002c8c10: ff48 bb00 | 0000 0000 

  0x000001bc002c8c18: ;   {runtime_call nmethod}
  0x000001bc002c8c18: 0000 00e9 | fbff ffff 
[Exception Handler]
  0x000001bc002c8c20: ;   {runtime_call handle_exception_from_callee Runtime1 stub}
  0x000001bc002c8c20: e8db 8436 

  0x000001bc002c8c24: ;   {external_word}
  0x000001bc002c8c24: 0748 b940 | 53ae eefd | 7f00 0048 

  0x000001bc002c8c30: ;   {runtime_call}
  0x000001bc002c8c30: 83e4 f048 | b8b0 c370 | eefd 7f00 | 00ff d0f4 
[Deopt Handler Code]
  0x000001bc002c8c40: ;   {section_word}
  0x000001bc002c8c40: 49ba 408c | 2c00 bc01 | 0000 4152 

  0x000001bc002c8c4c: ;   {runtime_call DeoptimizationBlob}
  0x000001bc002c8c4c: e94f b12b | 07f4 f4f4 | f4f4 f4f4 
[/MachCode]


---------------  P R O C E S S  ---------------

Threads class SMR info:
_java_thread_list=0x000001bc560c8dd0, length=12, elements={
0x000001bc77e01ae0, 0x000001bc77d683e0, 0x000001bc77eae950, 0x000001bc77d75360,
0x000001bc77d73290, 0x000001bc77d73920, 0x000001bc77d71ee0, 0x000001bc77d84a40,
0x000001bc77d87dc0, 0x000001bc77d73fb0, 0x000001bc77d74cd0, 0x000001bc77d72570
}

Java Threads: ( => current thread )
=>0x000001bc77e01ae0 JavaThread "main"                              [_thread_in_vm, id=13520, stack(0x0000001b80a00000,0x0000001b80b00000) (1024K)]
  0x000001bc77d683e0 JavaThread "Reference Handler"          daemon [_thread_blocked, id=18212, stack(0x0000001b80e00000,0x0000001b80f00000) (1024K)]
  0x000001bc77eae950 JavaThread "Finalizer"                  daemon [_thread_blocked, id=8536, stack(0x0000001b80f00000,0x0000001b81000000) (1024K)]
  0x000001bc77d75360 JavaThread "Signal Dispatcher"          daemon [_thread_blocked, id=8288, stack(0x0000001b81000000,0x0000001b81100000) (1024K)]
  0x000001bc77d73290 JavaThread "Attach Listener"            daemon [_thread_blocked, id=16808, stack(0x0000001b81100000,0x0000001b81200000) (1024K)]
  0x000001bc77d73920 JavaThread "Service Thread"             daemon [_thread_blocked, id=28700, stack(0x0000001b81200000,0x0000001b81300000) (1024K)]
  0x000001bc77d71ee0 JavaThread "Monitor Deflation Thread"   daemon [_thread_blocked, id=19160, stack(0x0000001b81300000,0x0000001b81400000) (1024K)]
  0x000001bc77d84a40 JavaThread "C2 CompilerThread0"         daemon [_thread_blocked, id=14612, stack(0x0000001b81400000,0x0000001b81500000) (1024K)]
  0x000001bc77d87dc0 JavaThread "C1 CompilerThread0"         daemon [_thread_blocked, id=27820, stack(0x0000001b81500000,0x0000001b81600000) (1024K)]
  0x000001bc77d73fb0 JavaThread "Common-Cleaner"             daemon [_thread_blocked, id=256, stack(0x0000001b81600000,0x0000001b81700000) (1024K)]
  0x000001bc77d74cd0 JavaThread "Notification Thread"        daemon [_thread_blocked, id=14748, stack(0x0000001b81700000,0x0000001b81800000) (1024K)]
  0x000001bc77d72570 JavaThread "Active Thread: Equinox Container: 1f9aa968-e3d5-4877-b061-bb7118587670"        [_thread_blocked, id=19132, stack(0x0000001b81800000,0x0000001b81900000) (1024K)]
Total: 12

Other Threads:
  0x000001bc77e96890 VMThread "VM Thread"                           [id=16824, stack(0x0000001b80d00000,0x0000001b80e00000) (1024K)]
  0x000001bc77c7ca00 WatcherThread "VM Periodic Task Thread"        [id=13768, stack(0x0000001b80c00000,0x0000001b80d00000) (1024K)]
  0x000001bc77e13ad0 WorkerThread "GC Thread#0"                     [id=23720, stack(0x0000001b80b00000,0x0000001b80c00000) (1024K)]
  0x000001bc51ca2bc0 WorkerThread "GC Thread#1"                     [id=7852, stack(0x0000001b81900000,0x0000001b81a00000) (1024K)]
  0x000001bc516b4d30 WorkerThread "GC Thread#2"                     [id=22400, stack(0x0000001b81a00000,0x0000001b81b00000) (1024K)]
  0x000001bc51c17010 WorkerThread "GC Thread#3"                     [id=23600, stack(0x0000001b81b00000,0x0000001b81c00000) (1024K)]
  0x000001bc51a0ed20 WorkerThread "GC Thread#4"                     [id=22148, stack(0x0000001b81c00000,0x0000001b81d00000) (1024K)]
  0x000001bc51a0f0d0 WorkerThread "GC Thread#5"                     [id=9488, stack(0x0000001b81d00000,0x0000001b81e00000) (1024K)]
  0x000001bc518f3980 WorkerThread "GC Thread#6"                     [id=11944, stack(0x0000001b81e00000,0x0000001b81f00000) (1024K)]
  0x000001bc56007ec0 WorkerThread "GC Thread#7"                     [id=17456, stack(0x0000001b81f00000,0x0000001b82000000) (1024K)]
Total: 10

Threads with active compile tasks:
Total: 0

VM state: not at safepoint (normal execution)

VM Mutex/Monitor currently owned by a thread:  ([mutex/lock_event])
[0x00007ffdeed9c4e0] Metaspace_lock - owner thread: 0x000001bc77e01ae0

Heap address: 0x0000000080000000, size: 2048 MB, Compressed Oops mode: 32-bit

CDS archive(s) mapped at: [0x000001bc0f000000-0x000001bc0fba0000-0x000001bc0fba0000), size 12189696, SharedBaseAddress: 0x000001bc0f000000, ArchiveRelocationMode: 1.
Compressed class space mapped at: 0x000001bc10000000-0x000001bc50000000, reserved size: 1073741824
Narrow klass base: 0x000001bc0f000000, Narrow klass shift: 0, Narrow klass range: 0x100000000

GC Precious Log:
 CardTable entry size: 512
 CPUs: 8 total, 8 available
 Memory: 15647M
 Large Page Support: Disabled
 NUMA Support: Disabled
 Compressed Oops: Enabled (32-bit)
 Alignments: Space 512K, Generation 512K, Heap 2M
 Heap Min Capacity: 100M
 Heap Initial Capacity: 100M
 Heap Max Capacity: 2G
 Pre-touch: Disabled
 Parallel Workers: 8

Heap:
 PSYoungGen      total 29696K, used 4582K [0x00000000d5580000, 0x00000000d7680000, 0x0000000100000000)
  eden space 25600K, 1% used [0x00000000d5580000,0x00000000d55fbb40,0x00000000d6e80000)
  from space 4096K, 99% used [0x00000000d7280000,0x00000000d767de88,0x00000000d7680000)
  to   space 4096K, 0% used [0x00000000d6e80000,0x00000000d6e80000,0x00000000d7280000)
 ParOldGen       total 68608K, used 2035K [0x0000000080000000, 0x0000000084300000, 0x00000000d5580000)
  object space 68608K, 2% used [0x0000000080000000,0x00000000801fcfd0,0x0000000084300000)
 Metaspace       used 8013K, committed 8256K, reserved 1114112K
  class space    used 832K, committed 960K, reserved 1048576K

Card table byte_map: [0x000001bc77790000,0x000001bc77ba0000] _byte_map_base: 0x000001bc77390000

Marking Bits: (ParMarkBitMap*) 0x00007ffdeeda3450
 Begin Bits: [0x000001bc7b2a0000, 0x000001bc7d2a0000)
 End Bits:   [0x000001bc7d2a0000, 0x000001bc7f2a0000)

Polling page: 0x000001bc75c40000

Metaspace:

Usage:
  Non-class:      7.01 MB used.
      Class:    832.06 KB used.
       Both:      7.83 MB used.

Virtual space:
  Non-class space:       64.00 MB reserved,       7.12 MB ( 11%) committed,  1 nodes.
      Class space:        1.00 GB reserved,     960.00 KB ( <1%) committed,  1 nodes.
             Both:        1.06 GB reserved,       8.06 MB ( <1%) committed. 

Chunk freelists:
   Non-Class:  8.80 MB
       Class:  14.91 MB
        Both:  23.70 MB

MaxMetaspaceSize: unlimited
CompressedClassSpaceSize: 1.00 GB
Initial GC threshold: 21.00 MB
Current GC threshold: 21.00 MB
CDS: on
 - commit_granule_bytes: 65536.
 - commit_granule_words: 8192.
 - virtual_space_node_default_size: 8388608.
 - enlarge_chunks_in_place: 1.
 - use_allocation_guard: 0.


Internal statistics:

num_allocs_failed_limit: 0.
num_arena_births: 228.
num_arena_deaths: 0.
num_vsnodes_births: 2.
num_vsnodes_deaths: 0.
num_space_committed: 129.
num_space_uncommitted: 0.
num_chunks_returned_to_freelist: 0.
num_chunks_taken_from_freelist: 419.
num_chunk_merges: 0.
num_chunk_splits: 273.
num_chunks_enlarged: 179.
num_inconsistent_stats: 0.

CodeHeap 'non-profiled nmethods': size=120000Kb used=788Kb max_used=788Kb free=119211Kb
 bounds [0x000001bc07ad0000, 0x000001bc07d40000, 0x000001bc0f000000]
CodeHeap 'profiled nmethods': size=120000Kb used=3376Kb max_used=3376Kb free=116623Kb
 bounds [0x000001bc00000000, 0x000001bc00350000, 0x000001bc07530000]
CodeHeap 'non-nmethods': size=5760Kb used=1217Kb max_used=1237Kb free=4542Kb
 bounds [0x000001bc07530000, 0x000001bc077a0000, 0x000001bc07ad0000]
CodeCache: size=245760Kb, used=5381Kb, max_used=5401Kb, free=240376Kb
 total_blobs=2337, nmethods=1854, adapters=390, full_count=0
Compilation: enabled, stopped_count=0, restarted_count=0

Compilation events (20 events):
Event: 18.199 Thread 0x000001bc77d87dc0 nmethod 1848 0x000001bc00349c10 code [0x000001bc00349da0, 0x000001bc00349eb0]
Event: 18.199 Thread 0x000001bc77d87dc0 1845       1       org.eclipse.osgi.container.Module::getLocation (5 bytes)
Event: 18.199 Thread 0x000001bc77d87dc0 nmethod 1845 0x000001bc07b93b10 code [0x000001bc07b93ca0, 0x000001bc07b93d68]
Event: 18.199 Thread 0x000001bc77d87dc0 1847       3       org.eclipse.osgi.internal.framework.EquinoxBundle::getLocation (21 bytes)
Event: 18.200 Thread 0x000001bc77d87dc0 nmethod 1847 0x000001bc00349f90 code [0x000001bc0034a140, 0x000001bc0034a3b0]
Event: 18.200 Thread 0x000001bc77d87dc0 1844       3       java.lang.invoke.MethodHandle::keepsAlive (20 bytes)
Event: 18.200 Thread 0x000001bc77d84a40 nmethod 1850 0x000001bc07b93e10 code [0x000001bc07b93fa0, 0x000001bc07b940d0]
Event: 18.200 Thread 0x000001bc77d84a40 1851       4       java.lang.StringLatin1::regionMatchesCI (45 bytes)
Event: 18.200 Thread 0x000001bc77d87dc0 nmethod 1844 0x000001bc0034a510 code [0x000001bc0034a760, 0x000001bc0034b158]
Event: 18.201 Thread 0x000001bc77d87dc0 1855       3       org.eclipse.core.runtime.adaptor.EclipseStarter::getBundleByLocation (43 bytes)
Event: 18.201 Thread 0x000001bc77d87dc0 nmethod 1855 0x000001bc0034b490 code [0x000001bc0034b660, 0x000001bc0034b9b8]
Event: 18.201 Thread 0x000001bc77d87dc0 1856       3       org.eclipse.osgi.container.ModuleContainer::checkAdminPermission (27 bytes)
Event: 18.201 Thread 0x000001bc77d87dc0 nmethod 1856 0x000001bc0034bb90 code [0x000001bc0034bd40, 0x000001bc0034bf88]
Event: 19.207 Thread 0x000001bc77d84a40 nmethod 1851 0x000001bc07b94210 code [0x000001bc07b943a0, 0x000001bc07b945f0]
Event: 19.207 Thread 0x000001bc77d84a40 1853       4       org.eclipse.osgi.internal.framework.EquinoxContainer::checkAdminPermission (27 bytes)
Event: 19.207 Thread 0x000001bc77d84a40 nmethod 1853 0x000001bc07b94710 code [0x000001bc07b948a0, 0x000001bc07b94940]
Event: 19.207 Thread 0x000001bc77d84a40 1852       4       org.eclipse.osgi.internal.framework.EquinoxBundle::getBundle (2 bytes)
Event: 19.207 Thread 0x000001bc77d84a40 nmethod 1852 0x000001bc07b94a10 code [0x000001bc07b94ba0, 0x000001bc07b94c28]
Event: 19.207 Thread 0x000001bc77d84a40 1854       4       org.eclipse.osgi.internal.framework.EquinoxBundle::getLocation (21 bytes)
Event: 19.208 Thread 0x000001bc77d84a40 nmethod 1854 0x000001bc07b94d10 code [0x000001bc07b94ea0, 0x000001bc07b94f60]

GC Heap History (4 events):
Event: 1.883 GC heap before
{Heap before GC invocations=1 (full 0):
 PSYoungGen      total 29696K, used 25600K [0x00000000d5580000, 0x00000000d7680000, 0x0000000100000000)
  eden space 25600K, 100% used [0x00000000d5580000,0x00000000d6e80000,0x00000000d6e80000)
  from space 4096K, 0% used [0x00000000d7280000,0x00000000d7280000,0x00000000d7680000)
  to   space 4096K, 0% used [0x00000000d6e80000,0x00000000d6e80000,0x00000000d7280000)
 ParOldGen       total 68608K, used 0K [0x0000000080000000, 0x0000000084300000, 0x00000000d5580000)
  object space 68608K, 0% used [0x0000000080000000,0x0000000080000000,0x0000000084300000)
 Metaspace       used 4350K, committed 4608K, reserved 1114112K
  class space    used 473K, committed 576K, reserved 1048576K
}
Event: 1.900 GC heap after
{Heap after GC invocations=1 (full 0):
 PSYoungGen      total 29696K, used 3287K [0x00000000d5580000, 0x00000000d7680000, 0x0000000100000000)
  eden space 25600K, 0% used [0x00000000d5580000,0x00000000d5580000,0x00000000d6e80000)
  from space 4096K, 80% used [0x00000000d6e80000,0x00000000d71b5e88,0x00000000d7280000)
  to   space 4096K, 0% used [0x00000000d7280000,0x00000000d7280000,0x00000000d7680000)
 ParOldGen       total 68608K, used 16K [0x0000000080000000, 0x0000000084300000, 0x00000000d5580000)
  object space 68608K, 0% used [0x0000000080000000,0x0000000080004000,0x0000000084300000)
 Metaspace       used 4350K, committed 4608K, reserved 1114112K
  class space    used 473K, committed 576K, reserved 1048576K
}
Event: 16.903 GC heap before
{Heap before GC invocations=2 (full 0):
 PSYoungGen      total 29696K, used 28887K [0x00000000d5580000, 0x00000000d7680000, 0x0000000100000000)
  eden space 25600K, 100% used [0x00000000d5580000,0x00000000d6e80000,0x00000000d6e80000)
  from space 4096K, 80% used [0x00000000d6e80000,0x00000000d71b5e88,0x00000000d7280000)
  to   space 4096K, 0% used [0x00000000d7280000,0x00000000d7280000,0x00000000d7680000)
 ParOldGen       total 68608K, used 16K [0x0000000080000000, 0x0000000084300000, 0x00000000d5580000)
  object space 68608K, 0% used [0x0000000080000000,0x0000000080004000,0x0000000084300000)
 Metaspace       used 8004K, committed 8256K, reserved 1114112K
  class space    used 831K, committed 960K, reserved 1048576K
}
Event: 16.910 GC heap after
{Heap after GC invocations=2 (full 0):
 PSYoungGen      total 29696K, used 4087K [0x00000000d5580000, 0x00000000d7680000, 0x0000000100000000)
  eden space 25600K, 0% used [0x00000000d5580000,0x00000000d5580000,0x00000000d6e80000)
  from space 4096K, 99% used [0x00000000d7280000,0x00000000d767de88,0x00000000d7680000)
  to   space 4096K, 0% used [0x00000000d6e80000,0x00000000d6e80000,0x00000000d7280000)
 ParOldGen       total 68608K, used 2035K [0x0000000080000000, 0x0000000084300000, 0x00000000d5580000)
  object space 68608K, 2% used [0x0000000080000000,0x00000000801fcfd0,0x0000000084300000)
 Metaspace       used 8004K, committed 8256K, reserved 1114112K
  class space    used 831K, committed 960K, reserved 1048576K
}

Dll operation events (8 events):
Event: 0.018 Loaded shared library c:\Users\ASUS\.vscode\extensions\redhat.java-1.54.0-win32-x64\jre\21.0.10-win32-x86_64\bin\java.dll
Event: 0.180 Loaded shared library c:\Users\ASUS\.vscode\extensions\redhat.java-1.54.0-win32-x64\jre\21.0.10-win32-x86_64\bin\zip.dll
Event: 0.225 Loaded shared library C:\Users\ASUS\.vscode\extensions\redhat.java-1.54.0-win32-x64\jre\21.0.10-win32-x86_64\bin\instrument.dll
Event: 0.288 Loaded shared library C:\Users\ASUS\.vscode\extensions\redhat.java-1.54.0-win32-x64\jre\21.0.10-win32-x86_64\bin\net.dll
Event: 0.375 Loaded shared library C:\Users\ASUS\.vscode\extensions\redhat.java-1.54.0-win32-x64\jre\21.0.10-win32-x86_64\bin\nio.dll
Event: 0.382 Loaded shared library C:\Users\ASUS\.vscode\extensions\redhat.java-1.54.0-win32-x64\jre\21.0.10-win32-x86_64\bin\zip.dll
Event: 0.442 Loaded shared library C:\Users\ASUS\.vscode\extensions\redhat.java-1.54.0-win32-x64\jre\21.0.10-win32-x86_64\bin\jimage.dll
Event: 0.689 Loaded shared library c:\Users\ASUS\.vscode\extensions\redhat.java-1.54.0-win32-x64\jre\21.0.10-win32-x86_64\bin\verify.dll

Deoptimization events (20 events):
Event: 2.810 Thread 0x000001bc77e01ae0 Uncommon trap: trap_request=0xffffffde fr.pc=0x000001bc07b5320c relative=0x000000000000094c
Event: 2.810 Thread 0x000001bc77e01ae0 Uncommon trap: reason=class_check action=maybe_recompile pc=0x000001bc07b5320c method=java.util.HashMap.putVal(ILjava/lang/Object;Ljava/lang/Object;ZZ)Ljava/lang/Object; @ 253 c2
Event: 2.811 Thread 0x000001bc77e01ae0 DEOPT PACKING pc=0x000001bc07b5320c sp=0x0000001b80afe230
Event: 2.811 Thread 0x000001bc77e01ae0 DEOPT UNPACKING pc=0x000001bc07583aa2 sp=0x0000001b80afe158 mode 2
Event: 2.813 Thread 0x000001bc77e01ae0 Uncommon trap: trap_request=0xffffffde fr.pc=0x000001bc07b5320c relative=0x000000000000094c
Event: 2.813 Thread 0x000001bc77e01ae0 Uncommon trap: reason=class_check action=maybe_recompile pc=0x000001bc07b5320c method=java.util.HashMap.putVal(ILjava/lang/Object;Ljava/lang/Object;ZZ)Ljava/lang/Object; @ 253 c2
Event: 2.813 Thread 0x000001bc77e01ae0 DEOPT PACKING pc=0x000001bc07b5320c sp=0x0000001b80afe230
Event: 2.813 Thread 0x000001bc77e01ae0 DEOPT UNPACKING pc=0x000001bc07583aa2 sp=0x0000001b80afe158 mode 2
Event: 2.814 Thread 0x000001bc77e01ae0 Uncommon trap: trap_request=0xffffffde fr.pc=0x000001bc07afe7b8 relative=0x0000000000000478
Event: 2.814 Thread 0x000001bc77e01ae0 Uncommon trap: reason=class_check action=maybe_recompile pc=0x000001bc07afe7b8 method=java.util.HashMap.putVal(ILjava/lang/Object;Ljava/lang/Object;ZZ)Ljava/lang/Object; @ 253 c2
Event: 2.814 Thread 0x000001bc77e01ae0 DEOPT PACKING pc=0x000001bc07afe7b8 sp=0x0000001b80afe090
Event: 2.814 Thread 0x000001bc77e01ae0 DEOPT UNPACKING pc=0x000001bc07583aa2 sp=0x0000001b80afe050 mode 2
Event: 2.894 Thread 0x000001bc77e01ae0 DEOPT PACKING pc=0x000001bc00186408 sp=0x0000001b80afc3e0
Event: 2.894 Thread 0x000001bc77e01ae0 DEOPT UNPACKING pc=0x000001bc07584242 sp=0x0000001b80afb860 mode 0
Event: 2.895 Thread 0x000001bc77e01ae0 DEOPT PACKING pc=0x000001bc00186408 sp=0x0000001b80afc6f0
Event: 2.895 Thread 0x000001bc77e01ae0 DEOPT UNPACKING pc=0x000001bc07584242 sp=0x0000001b80afbb70 mode 0
Event: 2.897 Thread 0x000001bc77e01ae0 DEOPT PACKING pc=0x000001bc00186408 sp=0x0000001b80afc640
Event: 2.897 Thread 0x000001bc77e01ae0 DEOPT UNPACKING pc=0x000001bc07584242 sp=0x0000001b80afbac0 mode 0
Event: 2.898 Thread 0x000001bc77e01ae0 DEOPT PACKING pc=0x000001bc00186408 sp=0x0000001b80afc940
Event: 2.898 Thread 0x000001bc77e01ae0 DEOPT UNPACKING pc=0x000001bc07584242 sp=0x0000001b80afbdc0 mode 0

Classes loaded (20 events):
Event: 2.883 Loading class java/security/KeyStoreException
Event: 2.884 Loading class java/security/KeyStoreException done
Event: 2.930 Loading class java/util/LinkedList$Node
Event: 2.930 Loading class java/util/LinkedList$Node done
Event: 2.930 Loading class java/util/LinkedList$ListItr
Event: 2.931 Loading class java/util/LinkedList$ListItr done
Event: 2.933 Loading class java/lang/Thread$Builder$OfPlatform
Event: 2.934 Loading class java/lang/Thread$Builder
Event: 2.934 Loading class java/lang/Thread$Builder done
Event: 2.934 Loading class java/lang/Thread$Builder$OfPlatform done
Event: 2.934 Loading class java/lang/Thread$Builder$OfVirtual
Event: 2.934 Loading class java/lang/Thread$Builder$OfVirtual done
Event: 2.950 Loading class sun/nio/fs/WindowsChannelFactory
Event: 2.951 Loading class sun/nio/fs/WindowsChannelFactory done
Event: 2.951 Loading class sun/nio/fs/WindowsChannelFactory$1
Event: 2.951 Loading class sun/nio/fs/WindowsChannelFactory$1 done
Event: 2.951 Loading class sun/nio/fs/WindowsChannelFactory$Flags
Event: 2.951 Loading class sun/nio/fs/WindowsChannelFactory$Flags done
Event: 2.952 Loading class sun/nio/ch/FileChannelImpl$Closer
Event: 2.953 Loading class sun/nio/ch/FileChannelImpl$Closer done

Classes unloaded (0 events):
No events

Classes redefined (0 events):
No events

Internal exceptions (20 events):
Event: 1.555 Thread 0x000001bc77e01ae0 Exception <a 'java/lang/NoSuchMethodError'{0x00000000d660c778}: 'java.lang.Object java.lang.invoke.DirectMethodHandle$Holder.invokeInterface(java.lang.Object, java.lang.Object, int)'> (0x00000000d660c778) 
thrown [s\src\hotspot\share\interpreter\linkResolver.cpp, line 773]
Event: 1.766 Thread 0x000001bc77e01ae0 Exception <a 'java/lang/NoSuchMethodError'{0x00000000d6a73398}: 'java.lang.ClassLoader java.lang.ClassLoader.getPlatformClassLoader(java.lang.Class)'> (0x00000000d6a73398) 
thrown [s\src\hotspot\share\interpreter\linkResolver.cpp, line 773]
Event: 1.907 Thread 0x000001bc77e01ae0 Exception <a 'java/lang/ClassNotFoundException'{0x00000000d5593d08}: sun/net/www/protocol/c/Handler> (0x00000000d5593d08) 
thrown [s\src\hotspot\share\classfile\systemDictionary.cpp, line 312]
Event: 1.907 Thread 0x000001bc77e01ae0 Exception <a 'java/lang/ClassNotFoundException'{0x00000000d5595090}: sun/net/www/protocol/d/Handler> (0x00000000d5595090) 
thrown [s\src\hotspot\share\classfile\systemDictionary.cpp, line 312]
Event: 1.908 Thread 0x000001bc77e01ae0 Exception <a 'java/lang/ClassNotFoundException'{0x00000000d5596250}: sun/net/www/protocol/c/Handler> (0x00000000d5596250) 
thrown [s\src\hotspot\share\classfile\systemDictionary.cpp, line 312]
Event: 1.921 Thread 0x000001bc77e01ae0 Exception <a 'java/io/FileNotFoundException'{0x00000000d55c7d60}> (0x00000000d55c7d60) 
thrown [s\src\hotspot\share\prims\jni.cpp, line 520]
Event: 1.980 Thread 0x000001bc77e01ae0 Implicit null exception at 0x000001bc07b2ada9 to 0x000001bc07b2b61c
Event: 1.980 Thread 0x000001bc77e01ae0 Implicit null exception at 0x000001bc07b2f61a to 0x000001bc07b2f820
Event: 1.981 Thread 0x000001bc77e01ae0 Exception <a 'java/lang/NoSuchMethodError'{0x00000000d5738b48}: 'void java.lang.invoke.DirectMethodHandle$Holder.invokeStatic(java.lang.Object, java.lang.Object, java.lang.Object, java.lang.Object)'> (0x00000000d5738b48) 
thrown [s\src\hotspot\share\interpreter\linkResolver.cpp, line 773]
Event: 1.983 Thread 0x000001bc77e01ae0 Implicit null exception at 0x000001bc07b32b1a to 0x000001bc07b32d24
Event: 1.983 Thread 0x000001bc77e01ae0 Implicit null exception at 0x000001bc07b2debd to 0x000001bc07b2df41
Event: 2.148 Thread 0x000001bc77e01ae0 Exception <a 'java/lang/NoSuchMethodError'{0x00000000d59e1e30}: 'void java.lang.invoke.DirectMethodHandle$Holder.invokeSpecial(java.lang.Object, java.lang.Object, java.lang.Object)'> (0x00000000d59e1e30) 
thrown [s\src\hotspot\share\interpreter\linkResolver.cpp, line 773]
Event: 2.613 Thread 0x000001bc77e01ae0 Exception <a 'java/lang/NoSuchMethodError'{0x00000000d6455048}: 'int java.lang.invoke.DirectMethodHandle$Holder.invokeVirtual(java.lang.Object, java.lang.Object)'> (0x00000000d6455048) 
thrown [s\src\hotspot\share\interpreter\linkResolver.cpp, line 773]
Event: 2.715 Thread 0x000001bc77e01ae0 Exception <a 'java/lang/NoSuchMethodError'{0x00000000d65cb1b0}: 'int java.lang.invoke.DirectMethodHandle$Holder.invokeStaticInit(java.lang.Object, java.lang.Object, java.lang.Object, java.lang.Object)'> (0x00000000d65cb1b0) 
thrown [s\src\hotspot\share\interpreter\linkResolver.cpp, line 773]
Event: 2.717 Thread 0x000001bc77e01ae0 Exception <a 'java/lang/IncompatibleClassChangeError'{0x00000000d65d3828}: Found class java.lang.Object, but interface was expected> (0x00000000d65d3828) 
thrown [s\src\hotspot\share\interpreter\linkResolver.cpp, line 840]
Event: 2.718 Thread 0x000001bc77e01ae0 Exception <a 'java/lang/NoSuchMethodError'{0x00000000d65d9dd8}: 'void java.lang.invoke.DirectMethodHandle$Holder.invokeStaticInit(java.lang.Object, java.lang.Object)'> (0x00000000d65d9dd8) 
thrown [s\src\hotspot\share\interpreter\linkResolver.cpp, line 773]
Event: 2.719 Thread 0x000001bc77e01ae0 Exception <a 'java/lang/NoSuchMethodError'{0x00000000d65e3450}: 'int java.lang.invoke.DirectMethodHandle$Holder.invokeStaticInit(java.lang.Object, java.lang.Object)'> (0x00000000d65e3450) 
thrown [s\src\hotspot\share\interpreter\linkResolver.cpp, line 773]
Event: 2.790 Thread 0x000001bc77e01ae0 Exception <a 'java/lang/NoSuchMethodError'{0x00000000d682a680}: 'java.lang.Object java.lang.invoke.DirectMethodHandle$Holder.newInvokeSpecial(java.lang.Object, int, java.lang.Object)'> (0x00000000d682a680) 
thrown [s\src\hotspot\share\interpreter\linkResolver.cpp, line 773]
Event: 2.851 Thread 0x000001bc77e01ae0 Exception <a 'java/lang/ClassNotFoundException'{0x00000000d6a42a78}: sun/net/www/protocol/plurl/Handler> (0x00000000d6a42a78) 
thrown [s\src\hotspot\share\classfile\systemDictionary.cpp, line 312]
Event: 2.851 Thread 0x000001bc77e01ae0 Exception <a 'java/lang/ClassNotFoundException'{0x00000000d6a438f8}: sun/net/www/protocol/plurl/Handler> (0x00000000d6a438f8) 
thrown [s\src\hotspot\share\classfile\systemDictionary.cpp, line 312]

ZGC Phase Switch (0 events):
No events

VM Operations (20 events):
Event: 1.307 Executing non-safepoint VM operation: HandshakeAllThreads (Deoptimize)
Event: 1.307 Executing non-safepoint VM operation: HandshakeAllThreads (Deoptimize) done
Event: 1.845 Executing non-safepoint VM operation: HandshakeAllThreads (Deoptimize)
Event: 1.845 Executing non-safepoint VM operation: HandshakeAllThreads (Deoptimize) done
Event: 1.883 Executing safepoint VM operation: ParallelGCFailedAllocation (Allocation Failure)
Event: 1.900 Executing safepoint VM operation: ParallelGCFailedAllocation (Allocation Failure) done
Event: 2.755 Executing non-safepoint VM operation: HandshakeAllThreads (Deoptimize)
Event: 2.755 Executing non-safepoint VM operation: HandshakeAllThreads (Deoptimize) done
Event: 2.770 Executing non-safepoint VM operation: HandshakeAllThreads (Deoptimize)
Event: 2.770 Executing non-safepoint VM operation: HandshakeAllThreads (Deoptimize) done
Event: 2.831 Executing non-safepoint VM operation: HandshakeAllThreads (Deoptimize)
Event: 2.831 Executing non-safepoint VM operation: HandshakeAllThreads (Deoptimize) done
Event: 2.846 Executing non-safepoint VM operation: HandshakeAllThreads (Deoptimize)
Event: 2.846 Executing non-safepoint VM operation: HandshakeAllThreads (Deoptimize) done
Event: 2.918 Executing safepoint VM operation: ICBufferFull
Event: 2.918 Executing safepoint VM operation: ICBufferFull done
Event: 3.920 Executing safepoint VM operation: Cleanup
Event: 3.920 Executing safepoint VM operation: Cleanup done
Event: 16.903 Executing safepoint VM operation: ParallelGCFailedAllocation (Allocation Failure)
Event: 16.910 Executing safepoint VM operation: ParallelGCFailedAllocation (Allocation Failure) done

Memory protections (0 events):
No events

Nmethod flushes (0 events):
No events

Events (20 events):
Event: 0.112 Thread 0x000001bc77e01ae0 Thread added: 0x000001bc77eae950
Event: 0.113 Thread 0x000001bc77e01ae0 Thread added: 0x000001bc77d75360
Event: 0.113 Thread 0x000001bc77e01ae0 Thread added: 0x000001bc77d73290
Event: 0.113 Thread 0x000001bc77e01ae0 Thread added: 0x000001bc77d73920
Event: 0.113 Thread 0x000001bc77e01ae0 Thread added: 0x000001bc77d71ee0
Event: 0.114 Thread 0x000001bc77e01ae0 Thread added: 0x000001bc77d84a40
Event: 0.114 Thread 0x000001bc77e01ae0 Thread added: 0x000001bc77d87dc0
Event: 0.229 Thread 0x000001bc77e01ae0 Thread added: 0x000001bc77d73fb0
Event: 0.616 Thread 0x000001bc77d84a40 Thread added: 0x000001bc51416730
Event: 0.723 Thread 0x000001bc51416730 Thread exited: 0x000001bc51416730
Event: 0.847 Thread 0x000001bc77e01ae0 Thread added: 0x000001bc77d74cd0
Event: 1.049 Thread 0x000001bc77d84a40 Thread added: 0x000001bc51416730
Event: 1.220 Thread 0x000001bc77d87dc0 Thread added: 0x000001bc51414bf0
Event: 1.572 Thread 0x000001bc51414bf0 Thread exited: 0x000001bc51414bf0
Event: 1.572 Thread 0x000001bc51416730 Thread exited: 0x000001bc51416730
Event: 1.690 Thread 0x000001bc77d84a40 Thread added: 0x000001bc51af3b40
Event: 2.253 Thread 0x000001bc77d87dc0 Thread added: 0x000001bc51af5d50
Event: 2.716 Thread 0x000001bc51af5d50 Thread exited: 0x000001bc51af5d50
Event: 2.716 Thread 0x000001bc51af3b40 Thread exited: 0x000001bc51af3b40
Event: 2.736 Thread 0x000001bc77e01ae0 Thread added: 0x000001bc77d72570


Dynamic libraries:
0x00007ff6591c0000 - 0x00007ff6591ce000 	c:\Users\ASUS\.vscode\extensions\redhat.java-1.54.0-win32-x64\jre\21.0.10-win32-x86_64\bin\java.exe
0x00007ffeb45a0000 - 0x00007ffeb4807000 	C:\Windows\SYSTEM32\ntdll.dll
0x00007ffeb2ce0000 - 0x00007ffeb2da9000 	C:\Windows\System32\KERNEL32.DLL
0x00007ffeb18d0000 - 0x00007ffeb1cc7000 	C:\Windows\System32\KERNELBASE.dll
0x00007ffeae810000 - 0x00007ffeae8b0000 	C:\Windows\SYSTEM32\apphelp.dll
0x00007ffeb1e40000 - 0x00007ffeb1f8b000 	C:\Windows\System32\ucrtbase.dll
0x00007ffe938a0000 - 0x00007ffe938be000 	c:\Users\ASUS\.vscode\extensions\redhat.java-1.54.0-win32-x64\jre\21.0.10-win32-x86_64\bin\VCRUNTIME140.dll
0x00007ffe93830000 - 0x00007ffe93848000 	c:\Users\ASUS\.vscode\extensions\redhat.java-1.54.0-win32-x64\jre\21.0.10-win32-x86_64\bin\jli.dll
0x00007ffeb2db0000 - 0x00007ffeb2f76000 	C:\Windows\System32\USER32.dll
0x00007ffe9d340000 - 0x00007ffe9d5d2000 	C:\Windows\WinSxS\amd64_microsoft.windows.common-controls_6595b64144ccf1df_6.0.26100.8457_none_3e0b2faee331e92d\COMCTL32.dll
0x00007ffeb1f90000 - 0x00007ffeb1fb7000 	C:\Windows\System32\win32u.dll
0x00007ffeb4430000 - 0x00007ffeb44d9000 	C:\Windows\System32\msvcrt.dll
0x00007ffeb4370000 - 0x00007ffeb439b000 	C:\Windows\System32\GDI32.dll
0x00007ffeb21f0000 - 0x00007ffeb231c000 	C:\Windows\System32\gdi32full.dll
0x00007ffeb1fc0000 - 0x00007ffeb2063000 	C:\Windows\System32\msvcp_win.dll
0x00007ffeb2a80000 - 0x00007ffeb2ab2000 	C:\Windows\System32\IMM32.DLL
0x00007ffea2d40000 - 0x00007ffea2d4c000 	c:\Users\ASUS\.vscode\extensions\redhat.java-1.54.0-win32-x64\jre\21.0.10-win32-x86_64\bin\vcruntime140_1.dll
0x00007ffe80090000 - 0x00007ffe8011d000 	c:\Users\ASUS\.vscode\extensions\redhat.java-1.54.0-win32-x64\jre\21.0.10-win32-x86_64\bin\msvcp140.dll
0x00007ffdee0e0000 - 0x00007ffdeee81000 	c:\Users\ASUS\.vscode\extensions\redhat.java-1.54.0-win32-x64\jre\21.0.10-win32-x86_64\bin\server\jvm.dll
0x00007ffeb2ac0000 - 0x00007ffeb2b76000 	C:\Windows\System32\ADVAPI32.dll
0x00007ffeb3c20000 - 0x00007ffeb3cc7000 	C:\Windows\System32\sechost.dll
0x00007ffeb3db0000 - 0x00007ffeb3ec8000 	C:\Windows\System32\RPCRT4.dll
0x00007ffeb3cf0000 - 0x00007ffeb3d70000 	C:\Windows\System32\WS2_32.dll
0x00007ffeb0e30000 - 0x00007ffeb0e8e000 	C:\Windows\SYSTEM32\POWRPROF.dll
0x00007ffea5120000 - 0x00007ffea512b000 	C:\Windows\SYSTEM32\VERSION.dll
0x00007ffea7220000 - 0x00007ffea7256000 	C:\Windows\SYSTEM32\WINMM.dll
0x00007ffeb0e10000 - 0x00007ffeb0e24000 	C:\Windows\SYSTEM32\UMPDC.dll
0x00007ffeafd60000 - 0x00007ffeafd7b000 	C:\Windows\SYSTEM32\kernel.appcore.dll
0x00007ffea2050000 - 0x00007ffea205a000 	c:\Users\ASUS\.vscode\extensions\redhat.java-1.54.0-win32-x64\jre\21.0.10-win32-x86_64\bin\jimage.dll
0x00007ffeac590000 - 0x00007ffeac7d2000 	C:\Windows\SYSTEM32\DBGHELP.DLL
0x00007ffeb26f0000 - 0x00007ffeb2a73000 	C:\Windows\System32\combase.dll
0x00007ffeb2610000 - 0x00007ffeb26e9000 	C:\Windows\System32\OLEAUT32.dll
0x00007ffe93230000 - 0x00007ffe9326b000 	C:\Windows\SYSTEM32\dbgcore.DLL
0x00007ffeb1cd0000 - 0x00007ffeb1d78000 	C:\Windows\System32\bcryptPrimitives.dll
0x00007ffe93a80000 - 0x00007ffe93a8f000 	c:\Users\ASUS\.vscode\extensions\redhat.java-1.54.0-win32-x64\jre\21.0.10-win32-x86_64\bin\instrument.dll
0x00007ffe93810000 - 0x00007ffe93830000 	c:\Users\ASUS\.vscode\extensions\redhat.java-1.54.0-win32-x64\jre\21.0.10-win32-x86_64\bin\java.dll
0x00007ffeb2fa0000 - 0x00007ffeb370e000 	C:\Windows\System32\SHELL32.dll
0x00007ffeb1060000 - 0x00007ffeb18cc000 	C:\Windows\System32\windows.storage.dll
0x00007ffeb37e0000 - 0x00007ffeb38d6000 	C:\Windows\System32\SHCORE.dll
0x00007ffeb44f0000 - 0x00007ffeb4556000 	C:\Windows\System32\shlwapi.dll
0x00007ffeb0ef0000 - 0x00007ffeb0f19000 	C:\Windows\SYSTEM32\profapi.dll
0x00007ffe92c20000 - 0x00007ffe92c38000 	c:\Users\ASUS\.vscode\extensions\redhat.java-1.54.0-win32-x64\jre\21.0.10-win32-x86_64\bin\zip.dll
0x00007ffe93870000 - 0x00007ffe93880000 	C:\Users\ASUS\.vscode\extensions\redhat.java-1.54.0-win32-x64\jre\21.0.10-win32-x86_64\bin\net.dll
0x00007ffea6ec0000 - 0x00007ffea6fe9000 	C:\Windows\SYSTEM32\WINHTTP.dll
0x00007ffeb02d0000 - 0x00007ffeb033c000 	C:\Windows\system32\mswsock.dll
0x00007ffe91760000 - 0x00007ffe91776000 	C:\Users\ASUS\.vscode\extensions\redhat.java-1.54.0-win32-x64\jre\21.0.10-win32-x86_64\bin\nio.dll
0x00007ffe93780000 - 0x00007ffe93790000 	c:\Users\ASUS\.vscode\extensions\redhat.java-1.54.0-win32-x64\jre\21.0.10-win32-x86_64\bin\verify.dll

JVMTI agents:
c:\Users\ASUS\.vscode\extensions\redhat.java-1.54.0-win32-x64\lombok\lombok-1.18.39-4050.jar path:c:\Users\ASUS\.vscode\extensions\redhat.java-1.54.0-win32-x64\jre\21.0.10-win32-x86_64\bin\instrument.dll, loaded, initialized, instrumentlib options:none

dbghelp: loaded successfully - version: 4.0.5 - missing functions: none
symbol engine: initialized successfully - sym options: 0x614 - pdb path: .;c:\Users\ASUS\.vscode\extensions\redhat.java-1.54.0-win32-x64\jre\21.0.10-win32-x86_64\bin;C:\Windows\SYSTEM32;C:\Windows\WinSxS\amd64_microsoft.windows.common-controls_6595b64144ccf1df_6.0.26100.8457_none_3e0b2faee331e92d;c:\Users\ASUS\.vscode\extensions\redhat.java-1.54.0-win32-x64\jre\21.0.10-win32-x86_64\bin\server

VM Arguments:
jvm_args: --add-modules=ALL-SYSTEM --add-opens=java.base/java.util=ALL-UNNAMED --add-opens=java.base/java.lang=ALL-UNNAMED --add-opens=java.base/sun.nio.fs=ALL-UNNAMED -Declipse.application=org.eclipse.jdt.ls.core.id1 -Dosgi.bundles.defaultStartLevel=4 -Declipse.product=org.eclipse.jdt.ls.core.product -Djava.import.generatesMetadataFilesAtProjectRoot=false -DDetectVMInstallationsJob.disabled=true -Dfile.encoding=utf8 -XX:+UseParallelGC -XX:GCTimeRatio=4 -XX:AdaptiveSizePolicyWeight=90 -Dsun.zip.disableMemoryMapping=true -Xmx2G -Xms100m -Xlog:disable -javaagent:c:\Users\ASUS\.vscode\extensions\redhat.java-1.54.0-win32-x64\lombok\lombok-1.18.39-4050.jar -XX:+HeapDumpOnOutOfMemoryError -XX:HeapDumpPath=c:\Users\ASUS\AppData\Roaming\Code\User\workspaceStorage\7274a8551f3c0b9120585059ecbbf3b1\redhat.java -Daether.dependencyCollector.impl=bf 
java_command: c:\Users\ASUS\.vscode\extensions\redhat.java-1.54.0-win32-x64\server\plugins\org.eclipse.equinox.launcher_1.7.100.v20251111-0406.jar -configuration c:\Users\ASUS\AppData\Roaming\Code\User\globalStorage\redhat.java\1.54.0\config_win -data c:\Users\ASUS\AppData\Roaming\Code\User\workspaceStorage\7274a8551f3c0b9120585059ecbbf3b1\redhat.java\jdt_ws --pipe=\\.\pipe\lsp-85bc265ca27d34c63f814f8c10e1393c-sock
java_class_path (initial): c:\Users\ASUS\.vscode\extensions\redhat.java-1.54.0-win32-x64\server\plugins\org.eclipse.equinox.launcher_1.7.100.v20251111-0406.jar
Launcher Type: SUN_STANDARD

[Global flags]
    uintx AdaptiveSizePolicyWeight                 = 90                                        {product} {command line}
     intx CICompilerCount                          = 4                                         {product} {ergonomic}
    uintx GCTimeRatio                              = 4                                         {product} {command line}
     bool HeapDumpOnOutOfMemoryError               = true                                   {manageable} {command line}
    ccstr HeapDumpPath                             = c:\Users\ASUS\AppData\Roaming\Code\User\workspaceStorage\7274a8551f3c0b9120585059ecbbf3b1\redhat.java         {manageable} {command line}
   size_t InitialHeapSize                          = 104857600                                 {product} {command line}
   size_t MaxHeapSize                              = 2147483648                                {product} {command line}
   size_t MaxNewSize                               = 715653120                                 {product} {ergonomic}
   size_t MinHeapDeltaBytes                        = 524288                                    {product} {ergonomic}
   size_t MinHeapSize                              = 104857600                                 {product} {command line}
   size_t NewSize                                  = 34603008                                  {product} {ergonomic}
    uintx NonNMethodCodeHeapSize                   = 5839372                                {pd product} {ergonomic}
    uintx NonProfiledCodeHeapSize                  = 122909434                              {pd product} {ergonomic}
   size_t OldSize                                  = 70254592                                  {product} {ergonomic}
    uintx ProfiledCodeHeapSize                     = 122909434                              {pd product} {ergonomic}
    uintx ReservedCodeCacheSize                    = 251658240                              {pd product} {ergonomic}
     bool SegmentedCodeCache                       = true                                      {product} {ergonomic}
   size_t SoftMaxHeapSize                          = 2147483648                             {manageable} {ergonomic}
     bool UseCompressedOops                        = true                           {product lp64_product} {ergonomic}
     bool UseLargePagesIndividualAllocation        = false                                  {pd product} {ergonomic}
     bool UseParallelGC                            = true                                      {product} {command line}

Logging:
Log output configuration:
 #0: stdout all=off uptime,level,tags foldmultilines=false
 #1: stderr all=off uptime,level,tags foldmultilines=false

Release file:
JAVA_VERSION="21.0.10" 
MODULES="java.base java.compiler java.datatransfer java.xml java.prefs java.desktop java.instrument java.logging java.management java.security.sasl java.naming java.rmi java.management.rmi java.net.http java.scripting java.security.jgss java.transaction.xa java.sql java.sql.rowset java.xml.crypto java.se java.smartcardio jdk.accessibility jdk.internal.jvmstat jdk.attach jdk.charsets jdk.internal.opt jdk.zipfs jdk.compiler jdk.crypto.ec jdk.crypto.cryptoki jdk.crypto.mscapi jdk.dynalink jdk.internal.ed jdk.editpad jdk.hotspot.agent jdk.httpserver jdk.internal.le jdk.internal.vm.ci jdk.internal.vm.compiler jdk.internal.vm.compiler.management jdk.jartool jdk.javadoc jdk.jcmd jdk.management jdk.management.agent jdk.jconsole jdk.jdeps jdk.jdwp.agent jdk.jdi jdk.jfr jdk.jshell jdk.jsobject jdk.jstatd jdk.localedata jdk.management.jfr jdk.naming.dns jdk.naming.rmi jdk.net jdk.nio.mapmode jdk.random jdk.sctp jdk.security.auth jdk.security.jgss jdk.unsupported jdk.unsupported.desktop jdk.xml.dom" 

Environment Variables:
JAVA_HOME=C:\Program Files\Java\jdk-24.0.2
PATH=C:\Windows\system32;C:\Windows;C:\Windows\System32\Wbem;C:\Windows\System32\WindowsPowerShell\v1.0\;C:\Windows\System32\OpenSSH\;C:\Program Files\Git\cmd;D:\xampp\php;C:\ProgramData\ComposerSetup\bin;C:\Program Files\Java\jdk-24.0.2\bin;C:\Program Files\Maven\apache-maven-3.9.11\bin;C:\Program Files\swipl\bin;C:\Program Files\nodejs\;C:\Users\ASUS\.console-ninja\.bin;C:\Users\ASUS\AppData\Local\Microsoft\WindowsApps;C:\Users\ASUS\AppData\Local\Programs\Microsoft VS Code\bin;;D:\IntelliJ IDEA Community Edition 2025.1.3\bin;;C:\Users\ASUS\AppData\Roaming\npm
USERNAME=ASUS
OS=Windows_NT
PROCESSOR_IDENTIFIER=AMD64 Family 23 Model 160 Stepping 0, AuthenticAMD
TMP=C:\Users\ASUS\AppData\Local\Temp
TEMP=C:\Users\ASUS\AppData\Local\Temp




Periodic native trim disabled

---------------  S Y S T E M  ---------------

OS:
 Windows 11 , 64 bit Build 26100 (10.0.26100.8328)
OS uptime: 8 days 18:28 hours
Hyper-V role detected

CPU: total 8 (initial active 8) (8 cores per cpu, 2 threads per core) family 23 model 160 stepping 0 microcode 0x8a00006, cx8, cmov, fxsr, ht, mmx, 3dnowpref, sse, sse2, sse3, ssse3, sse4a, sse4.1, sse4.2, popcnt, lzcnt, tsc, tscinvbit, avx, avx2, aes, clmul, bmi1, bmi2, adx, sha, fma, vzeroupper, clflush, clflushopt, hv, rdtscp, rdpid, f16c
Processor Information for the first 8 processors :
  Max Mhz: 2801, Current Mhz: 2801, Mhz Limit: 2801

Memory: 4k page, system-wide physical 15647M (1643M free)
TotalPageFile size 23839M (AvailPageFile size 5M)
current process WorkingSet (physical memory assigned to process): 92M, peak: 92M
current process commit charge ("private bytes"): 234M, peak: 241M

vm_info: OpenJDK 64-Bit Server VM (21.0.10+7-LTS) for windows-amd64 JRE (21.0.10+7-LTS), built on 2026-01-20T00:00:00Z by "admin" with MS VC++ 17.12 (VS2022)

END.
